Copyright 1986-2022 Xilinx, Inc. All Rights Reserved. Copyright 2022-2023 Advanced Micro Devices, Inc. All Rights Reserved.
------------------------------------------------------------------------------------------------------------------------------------------------------------------------------------------------------
| Tool Version : Vivado v.2023.2 (lin64) Build 4029153 Fri Oct 13 20:13:54 MDT 2023
| Date         : Thu Sep 24 16:01:30 2026
| Host         : fedora running 64-bit unknown
| Command      : report_timing_summary -max_paths 10 -report_unconstrained -file lab_timing_summary_routed.rpt -pb lab_timing_summary_routed.pb -rpx lab_timing_summary_routed.rpx -warn_on_violation
| Design       : lab
| Device       : 7a35t-cpg236
| Speed File   : -1  PRODUCTION 1.23 2018-06-13
| Design State : Routed
------------------------------------------------------------------------------------------------------------------------------------------------------------------------------------------------------

Timing Summary Report

------------------------------------------------------------------------------------------------
| Timer Settings
| --------------
------------------------------------------------------------------------------------------------

  Enable Multi Corner Analysis               :  Yes
  Enable Pessimism Removal                   :  Yes
  Pessimism Removal Resolution               :  Nearest Common Node
  Enable Input Delay Default Clock           :  No
  Enable Preset / Clear Arcs                 :  No
  Disable Flight Delays                      :  No
  Ignore I/O Paths                           :  No
  Timing Early Launch at Borrowing Latches   :  No
  Borrow Time for Max Delay Exceptions       :  Yes
  Merge Timing Exceptions                    :  Yes
  Inter-SLR Compensation                     :  Conservative

  Corner  Analyze    Analyze    
  Name    Max Paths  Min Paths  
  ------  ---------  ---------  
  Slow    Yes        Yes        
  Fast    Yes        Yes        


------------------------------------------------------------------------------------------------
| Report Methodology
| ------------------
------------------------------------------------------------------------------------------------

Rule       Severity  Description                    Violations  
---------  --------  -----------------------------  ----------  
TIMING-18  Warning   Missing input or output delay  9           

Note: This report is based on the most recent report_methodology run and may not be up-to-date. Run report_methodology on the current design for the latest report.



check_timing report

Table of Contents
-----------------
1. checking no_clock (0)
2. checking constant_clock (0)
3. checking pulse_width_clock (0)
4. checking unconstrained_internal_endpoints (0)
5. checking no_input_delay (2)
6. checking no_output_delay (7)
7. checking multiple_clock (0)
8. checking generated_clocks (0)
9. checking loops (0)
10. checking partial_input_delay (0)
11. checking partial_output_delay (0)
12. checking latch_loops (0)

1. checking no_clock (0)
------------------------
 There are 0 register/latch pins with no clock.


2. checking constant_clock (0)
------------------------------
 There are 0 register/latch pins with constant_clock.


3. checking pulse_width_clock (0)
---------------------------------
 There are 0 register/latch pins which need pulse_width check


4. checking unconstrained_internal_endpoints (0)
------------------------------------------------
 There are 0 pins that are not constrained for maximum delay.

 There are 0 pins that are not constrained for maximum delay due to constant clock.


5. checking no_input_delay (2)
------------------------------
 There are 2 input ports with no input delay specified. (HIGH)

 There are 0 input ports with no input delay but user has a false path constraint.


6. checking no_output_delay (7)
-------------------------------
 There are 7 ports with no output delay specified. (HIGH)

 There are 0 ports with no output delay but user has a false path constraint

 There are 0 ports with no output delay but with a timing clock defined on it or propagating through it


7. checking multiple_clock (0)
------------------------------
 There are 0 register/latch pins with multiple clocks.


8. checking generated_clocks (0)
--------------------------------
 There are 0 generated clocks that are not connected to a clock source.


9. checking loops (0)
---------------------
 There are 0 combinational loops in the design.


10. checking partial_input_delay (0)
------------------------------------
 There are 0 input ports with partial input delay specified.


11. checking partial_output_delay (0)
-------------------------------------
 There are 0 ports with partial output delay specified.


12. checking latch_loops (0)
----------------------------
 There are 0 combinational latch loops in the design through latch input



------------------------------------------------------------------------------------------------
| Design Timing Summary
| ---------------------
------------------------------------------------------------------------------------------------

    WNS(ns)      TNS(ns)  TNS Failing Endpoints  TNS Total Endpoints      WHS(ns)      THS(ns)  THS Failing Endpoints  THS Total Endpoints     WPWS(ns)     TPWS(ns)  TPWS Failing Endpoints  TPWS Total Endpoints  
    -------      -------  ---------------------  -------------------      -------      -------  ---------------------  -------------------     --------     --------  ----------------------  --------------------  
      3.695        0.000                      0                   11        0.196        0.000                      0                   11        4.500        0.000                       0                     8  


All user specified timing constraints are met.


------------------------------------------------------------------------------------------------
| Clock Summary
| -------------
------------------------------------------------------------------------------------------------

Clock        Waveform(ns)       Period(ns)      Frequency(MHz)
-----        ------------       ----------      --------------
sys_clk_pin  {0.000 5.000}      10.000          100.000         


------------------------------------------------------------------------------------------------
| Intra Clock Table
| -----------------
------------------------------------------------------------------------------------------------

Clock             WNS(ns)      TNS(ns)  TNS Failing Endpoints  TNS Total Endpoints      WHS(ns)      THS(ns)  THS Failing Endpoints  THS Total Endpoints     WPWS(ns)     TPWS(ns)  TPWS Failing Endpoints  TPWS Total Endpoints  
-----             -------      -------  ---------------------  -------------------      -------      -------  ---------------------  -------------------     --------     --------  ----------------------  --------------------  
sys_clk_pin         3.695        0.000                      0                   11        0.196        0.000                      0                   11        4.500        0.000                       0                     8  


------------------------------------------------------------------------------------------------
| Inter Clock Table
| -----------------
------------------------------------------------------------------------------------------------

From Clock    To Clock          WNS(ns)      TNS(ns)  TNS Failing Endpoints  TNS Total Endpoints      WHS(ns)      THS(ns)  THS Failing Endpoints  THS Total Endpoints  
----------    --------          -------      -------  ---------------------  -------------------      -------      -------  ---------------------  -------------------  


------------------------------------------------------------------------------------------------
| Other Path Groups Table
| -----------------------
------------------------------------------------------------------------------------------------

Path Group    From Clock    To Clock          WNS(ns)      TNS(ns)  TNS Failing Endpoints  TNS Total Endpoints      WHS(ns)      THS(ns)  THS Failing Endpoints  THS Total Endpoints  
----------    ----------    --------          -------      -------  ---------------------  -------------------      -------      -------  ---------------------  -------------------  


------------------------------------------------------------------------------------------------
| User Ignored Path Table
| -----------------------
------------------------------------------------------------------------------------------------

Path Group    From Clock    To Clock    
----------    ----------    --------    


------------------------------------------------------------------------------------------------
| Unconstrained Path Table
| ------------------------
------------------------------------------------------------------------------------------------

Path Group    From Clock    To Clock    
----------    ----------    --------    
(none)        sys_clk_pin                 
(none)                      sys_clk_pin   


------------------------------------------------------------------------------------------------
| Timing Details
| --------------
------------------------------------------------------------------------------------------------


---------------------------------------------------------------------------------------------------
From Clock:  sys_clk_pin
  To Clock:  sys_clk_pin

Setup :            0  Failing Endpoints,  Worst Slack        3.695ns,  Total Violation        0.000ns
Hold  :            0  Failing Endpoints,  Worst Slack        0.196ns,  Total Violation        0.000ns
PW    :            0  Failing Endpoints,  Worst Slack        4.500ns,  Total Violation        0.000ns
---------------------------------------------------------------------------------------------------


Max Delay Paths
--------------------------------------------------------------------------------------
Slack (MET) :             3.695ns  (required time - arrival time)
  Source:                 FSM_onehot_c_state_reg[2]/C
                            (rising edge-triggered cell FDCE clocked by sys_clk_pin  {rise@0.000ns fall@5.000ns period=10.000ns})
  Destination:            count_reg[0]/CE
                            (falling edge-triggered cell FDCE clocked by sys_clk_pin  {rise@0.000ns fall@5.000ns period=10.000ns})
  Path Group:             sys_clk_pin
  Path Type:              Setup (Max at Slow Process Corner)
  Requirement:            5.000ns  (sys_clk_pin fall@5.000ns - sys_clk_pin rise@0.000ns)
  Data Path Delay:        0.875ns  (logic 0.478ns (54.659%)  route 0.397ns (45.341%))
  Logic Levels:           0  
  Clock Path Skew:        -0.022ns (DCD - SCD + CPR)
    Destination Clock Delay (DCD):    4.850ns = ( 9.850 - 5.000 ) 
    Source Clock Delay      (SCD):    5.148ns
    Clock Pessimism Removal (CPR):    0.276ns
  Clock Uncertainty:      0.035ns  ((TSJ^2 + TIJ^2)^1/2 + DJ) / 2 + PE
    Total System Jitter     (TSJ):    0.071ns
    Total Input Jitter      (TIJ):    0.000ns
    Discrete Jitter          (DJ):    0.000ns
    Phase Error              (PE):    0.000ns

    Location             Delay type                Incr(ns)  Path(ns)    Netlist Resource(s)
  -------------------------------------------------------------------    -------------------
                         (clock sys_clk_pin rise edge)
                                                      0.000     0.000 r  
    W5                                                0.000     0.000 r  clk (IN)
                         net (fo=0)                   0.000     0.000    clk
    W5                   IBUF (Prop_ibuf_I_O)         1.458     1.458 r  clk_IBUF_inst/O
                         net (fo=1, routed)           1.967     3.425    clk_IBUF
    BUFGCTRL_X0Y0        BUFG (Prop_bufg_I_O)         0.096     3.521 r  clk_IBUF_BUFG_inst/O
                         net (fo=7, routed)           1.627     5.148    clk_IBUF_BUFG
    SLICE_X64Y18         FDCE                                         r  FSM_onehot_c_state_reg[2]/C
  -------------------------------------------------------------------    -------------------
    SLICE_X64Y18         FDCE (Prop_fdce_C_Q)         0.478     5.626 r  FSM_onehot_c_state_reg[2]/Q
                         net (fo=5, routed)           0.397     6.023    cnt_enable
    SLICE_X65Y18         FDCE                                         r  count_reg[0]/CE
  -------------------------------------------------------------------    -------------------

                         (clock sys_clk_pin fall edge)
                                                      5.000     5.000 f  
    W5                                                0.000     5.000 f  clk (IN)
                         net (fo=0)                   0.000     5.000    clk
    W5                   IBUF (Prop_ibuf_I_O)         1.388     6.388 f  clk_IBUF_inst/O
                         net (fo=1, routed)           1.862     8.250    clk_IBUF
    BUFGCTRL_X0Y0        BUFG (Prop_bufg_I_O)         0.091     8.341 f  clk_IBUF_BUFG_inst/O
                         net (fo=7, routed)           1.509     9.850    clk_IBUF_BUFG
    SLICE_X65Y18         FDCE                                         r  count_reg[0]/C  (IS_INVERTED)
                         clock pessimism              0.276    10.126    
                         clock uncertainty           -0.035    10.091    
    SLICE_X65Y18         FDCE (Setup_fdce_C_CE)      -0.373     9.718    count_reg[0]
  -------------------------------------------------------------------
                         required time                          9.718    
                         arrival time                          -6.023    
  -------------------------------------------------------------------
                         slack                                  3.695    

Slack (MET) :             3.695ns  (required time - arrival time)
  Source:                 FSM_onehot_c_state_reg[2]/C
                            (rising edge-triggered cell FDCE clocked by sys_clk_pin  {rise@0.000ns fall@5.000ns period=10.000ns})
  Destination:            count_reg[1]/CE
                            (falling edge-triggered cell FDCE clocked by sys_clk_pin  {rise@0.000ns fall@5.000ns period=10.000ns})
  Path Group:             sys_clk_pin
  Path Type:              Setup (Max at Slow Process Corner)
  Requirement:            5.000ns  (sys_clk_pin fall@5.000ns - sys_clk_pin rise@0.000ns)
  Data Path Delay:        0.875ns  (logic 0.478ns (54.659%)  route 0.397ns (45.341%))
  Logic Levels:           0  
  Clock Path Skew:        -0.022ns (DCD - SCD + CPR)
    Destination Clock Delay (DCD):    4.850ns = ( 9.850 - 5.000 ) 
    Source Clock Delay      (SCD):    5.148ns
    Clock Pessimism Removal (CPR):    0.276ns
  Clock Uncertainty:      0.035ns  ((TSJ^2 + TIJ^2)^1/2 + DJ) / 2 + PE
    Total System Jitter     (TSJ):    0.071ns
    Total Input Jitter      (TIJ):    0.000ns
    Discrete Jitter          (DJ):    0.000ns
    Phase Error              (PE):    0.000ns

    Location             Delay type                Incr(ns)  Path(ns)    Netlist Resource(s)
  -------------------------------------------------------------------    -------------------
                         (clock sys_clk_pin rise edge)
                                                      0.000     0.000 r  
    W5                                                0.000     0.000 r  clk (IN)
                         net (fo=0)                   0.000     0.000    clk
    W5                   IBUF (Prop_ibuf_I_O)         1.458     1.458 r  clk_IBUF_inst/O
                         net (fo=1, routed)           1.967     3.425    clk_IBUF
    BUFGCTRL_X0Y0        BUFG (Prop_bufg_I_O)         0.096     3.521 r  clk_IBUF_BUFG_inst/O
                         net (fo=7, routed)           1.627     5.148    clk_IBUF_BUFG
    SLICE_X64Y18         FDCE                                         r  FSM_onehot_c_state_reg[2]/C
  -------------------------------------------------------------------    -------------------
    SLICE_X64Y18         FDCE (Prop_fdce_C_Q)         0.478     5.626 r  FSM_onehot_c_state_reg[2]/Q
                         net (fo=5, routed)           0.397     6.023    cnt_enable
    SLICE_X65Y18         FDCE                                         r  count_reg[1]/CE
  -------------------------------------------------------------------    -------------------

                         (clock sys_clk_pin fall edge)
                                                      5.000     5.000 f  
    W5                                                0.000     5.000 f  clk (IN)
                         net (fo=0)                   0.000     5.000    clk
    W5                   IBUF (Prop_ibuf_I_O)         1.388     6.388 f  clk_IBUF_inst/O
                         net (fo=1, routed)           1.862     8.250    clk_IBUF
    BUFGCTRL_X0Y0        BUFG (Prop_bufg_I_O)         0.091     8.341 f  clk_IBUF_BUFG_inst/O
                         net (fo=7, routed)           1.509     9.850    clk_IBUF_BUFG
    SLICE_X65Y18         FDCE                                         r  count_reg[1]/C  (IS_INVERTED)
                         clock pessimism              0.276    10.126    
                         clock uncertainty           -0.035    10.091    
    SLICE_X65Y18         FDCE (Setup_fdce_C_CE)      -0.373     9.718    count_reg[1]
  -------------------------------------------------------------------
                         required time                          9.718    
                         arrival time                          -6.023    
  -------------------------------------------------------------------
                         slack                                  3.695    

Slack (MET) :             3.695ns  (required time - arrival time)
  Source:                 FSM_onehot_c_state_reg[2]/C
                            (rising edge-triggered cell FDCE clocked by sys_clk_pin  {rise@0.000ns fall@5.000ns period=10.000ns})
  Destination:            count_reg[2]/CE
                            (falling edge-triggered cell FDCE clocked by sys_clk_pin  {rise@0.000ns fall@5.000ns period=10.000ns})
  Path Group:             sys_clk_pin
  Path Type:              Setup (Max at Slow Process Corner)
  Requirement:            5.000ns  (sys_clk_pin fall@5.000ns - sys_clk_pin rise@0.000ns)
  Data Path Delay:        0.875ns  (logic 0.478ns (54.659%)  route 0.397ns (45.341%))
  Logic Levels:           0  
  Clock Path Skew:        -0.022ns (DCD - SCD + CPR)
    Destination Clock Delay (DCD):    4.850ns = ( 9.850 - 5.000 ) 
    Source Clock Delay      (SCD):    5.148ns
    Clock Pessimism Removal (CPR):    0.276ns
  Clock Uncertainty:      0.035ns  ((TSJ^2 + TIJ^2)^1/2 + DJ) / 2 + PE
    Total System Jitter     (TSJ):    0.071ns
    Total Input Jitter      (TIJ):    0.000ns
    Discrete Jitter          (DJ):    0.000ns
    Phase Error              (PE):    0.000ns

    Location             Delay type                Incr(ns)  Path(ns)    Netlist Resource(s)
  -------------------------------------------------------------------    -------------------
                         (clock sys_clk_pin rise edge)
                                                      0.000     0.000 r  
    W5                                                0.000     0.000 r  clk (IN)
                         net (fo=0)                   0.000     0.000    clk
    W5                   IBUF (Prop_ibuf_I_O)         1.458     1.458 r  clk_IBUF_inst/O
                         net (fo=1, routed)           1.967     3.425    clk_IBUF
    BUFGCTRL_X0Y0        BUFG (Prop_bufg_I_O)         0.096     3.521 r  clk_IBUF_BUFG_inst/O
                         net (fo=7, routed)           1.627     5.148    clk_IBUF_BUFG
    SLICE_X64Y18         FDCE                                         r  FSM_onehot_c_state_reg[2]/C
  -------------------------------------------------------------------    -------------------
    SLICE_X64Y18         FDCE (Prop_fdce_C_Q)         0.478     5.626 r  FSM_onehot_c_state_reg[2]/Q
                         net (fo=5, routed)           0.397     6.023    cnt_enable
    SLICE_X65Y18         FDCE                                         r  count_reg[2]/CE
  -------------------------------------------------------------------    -------------------

                         (clock sys_clk_pin fall edge)
                                                      5.000     5.000 f  
    W5                                                0.000     5.000 f  clk (IN)
                         net (fo=0)                   0.000     5.000    clk
    W5                   IBUF (Prop_ibuf_I_O)         1.388     6.388 f  clk_IBUF_inst/O
                         net (fo=1, routed)           1.862     8.250    clk_IBUF
    BUFGCTRL_X0Y0        BUFG (Prop_bufg_I_O)         0.091     8.341 f  clk_IBUF_BUFG_inst/O
                         net (fo=7, routed)           1.509     9.850    clk_IBUF_BUFG
    SLICE_X65Y18         FDCE                                         r  count_reg[2]/C  (IS_INVERTED)
                         clock pessimism              0.276    10.126    
                         clock uncertainty           -0.035    10.091    
    SLICE_X65Y18         FDCE (Setup_fdce_C_CE)      -0.373     9.718    count_reg[2]
  -------------------------------------------------------------------
                         required time                          9.718    
                         arrival time                          -6.023    
  -------------------------------------------------------------------
                         slack                                  3.695    

Slack (MET) :             3.695ns  (required time - arrival time)
  Source:                 FSM_onehot_c_state_reg[2]/C
                            (rising edge-triggered cell FDCE clocked by sys_clk_pin  {rise@0.000ns fall@5.000ns period=10.000ns})
  Destination:            count_reg[3]/CE
                            (falling edge-triggered cell FDCE clocked by sys_clk_pin  {rise@0.000ns fall@5.000ns period=10.000ns})
  Path Group:             sys_clk_pin
  Path Type:              Setup (Max at Slow Process Corner)
  Requirement:            5.000ns  (sys_clk_pin fall@5.000ns - sys_clk_pin rise@0.000ns)
  Data Path Delay:        0.875ns  (logic 0.478ns (54.659%)  route 0.397ns (45.341%))
  Logic Levels:           0  
  Clock Path Skew:        -0.022ns (DCD - SCD + CPR)
    Destination Clock Delay (DCD):    4.850ns = ( 9.850 - 5.000 ) 
    Source Clock Delay      (SCD):    5.148ns
    Clock Pessimism Removal (CPR):    0.276ns
  Clock Uncertainty:      0.035ns  ((TSJ^2 + TIJ^2)^1/2 + DJ) / 2 + PE
    Total System Jitter     (TSJ):    0.071ns
    Total Input Jitter      (TIJ):    0.000ns
    Discrete Jitter          (DJ):    0.000ns
    Phase Error              (PE):    0.000ns

    Location             Delay type                Incr(ns)  Path(ns)    Netlist Resource(s)
  -------------------------------------------------------------------    -------------------
                         (clock sys_clk_pin rise edge)
                                                      0.000     0.000 r  
    W5                                                0.000     0.000 r  clk (IN)
                         net (fo=0)                   0.000     0.000    clk
    W5                   IBUF (Prop_ibuf_I_O)         1.458     1.458 r  clk_IBUF_inst/O
                         net (fo=1, routed)           1.967     3.425    clk_IBUF
    BUFGCTRL_X0Y0        BUFG (Prop_bufg_I_O)         0.096     3.521 r  clk_IBUF_BUFG_inst/O
                         net (fo=7, routed)           1.627     5.148    clk_IBUF_BUFG
    SLICE_X64Y18         FDCE                                         r  FSM_onehot_c_state_reg[2]/C
  -------------------------------------------------------------------    -------------------
    SLICE_X64Y18         FDCE (Prop_fdce_C_Q)         0.478     5.626 r  FSM_onehot_c_state_reg[2]/Q
                         net (fo=5, routed)           0.397     6.023    cnt_enable
    SLICE_X65Y18         FDCE                                         r  count_reg[3]/CE
  -------------------------------------------------------------------    -------------------

                         (clock sys_clk_pin fall edge)
                                                      5.000     5.000 f  
    W5                                                0.000     5.000 f  clk (IN)
                         net (fo=0)                   0.000     5.000    clk
    W5                   IBUF (Prop_ibuf_I_O)         1.388     6.388 f  clk_IBUF_inst/O
                         net (fo=1, routed)           1.862     8.250    clk_IBUF
    BUFGCTRL_X0Y0        BUFG (Prop_bufg_I_O)         0.091     8.341 f  clk_IBUF_BUFG_inst/O
                         net (fo=7, routed)           1.509     9.850    clk_IBUF_BUFG
    SLICE_X65Y18         FDCE                                         r  count_reg[3]/C  (IS_INVERTED)
                         clock pessimism              0.276    10.126    
                         clock uncertainty           -0.035    10.091    
    SLICE_X65Y18         FDCE (Setup_fdce_C_CE)      -0.373     9.718    count_reg[3]
  -------------------------------------------------------------------
                         required time                          9.718    
                         arrival time                          -6.023    
  -------------------------------------------------------------------
                         slack                                  3.695    

Slack (MET) :             8.112ns  (required time - arrival time)
  Source:                 count_reg[2]/C
                            (falling edge-triggered cell FDCE clocked by sys_clk_pin  {rise@0.000ns fall@5.000ns period=10.000ns})
  Destination:            count_reg[2]/D
                            (falling edge-triggered cell FDCE clocked by sys_clk_pin  {rise@0.000ns fall@5.000ns period=10.000ns})
  Path Group:             sys_clk_pin
  Path Type:              Setup (Max at Slow Process Corner)
  Requirement:            10.000ns  (sys_clk_pin fall@15.000ns - sys_clk_pin fall@5.000ns)
  Data Path Delay:        1.789ns  (logic 0.583ns (32.595%)  route 1.206ns (67.405%))
  Logic Levels:           1  (LUT3=1)
  Clock Path Skew:        0.000ns (DCD - SCD + CPR)
    Destination Clock Delay (DCD):    4.850ns = ( 19.850 - 15.000 ) 
    Source Clock Delay      (SCD):    5.148ns = ( 10.148 - 5.000 ) 
    Clock Pessimism Removal (CPR):    0.298ns
  Clock Uncertainty:      0.035ns  ((TSJ^2 + TIJ^2)^1/2 + DJ) / 2 + PE
    Total System Jitter     (TSJ):    0.071ns
    Total Input Jitter      (TIJ):    0.000ns
    Discrete Jitter          (DJ):    0.000ns
    Phase Error              (PE):    0.000ns

    Location             Delay type                Incr(ns)  Path(ns)    Netlist Resource(s)
  -------------------------------------------------------------------    -------------------
                         (clock sys_clk_pin fall edge)
                                                      5.000     5.000 f  
    W5                                                0.000     5.000 f  clk (IN)
                         net (fo=0)                   0.000     5.000    clk
    W5                   IBUF (Prop_ibuf_I_O)         1.458     6.458 f  clk_IBUF_inst/O
                         net (fo=1, routed)           1.967     8.425    clk_IBUF
    BUFGCTRL_X0Y0        BUFG (Prop_bufg_I_O)         0.096     8.521 f  clk_IBUF_BUFG_inst/O
                         net (fo=7, routed)           1.627    10.148    clk_IBUF_BUFG
    SLICE_X65Y18         FDCE                                         r  count_reg[2]/C  (IS_INVERTED)
  -------------------------------------------------------------------    -------------------
    SLICE_X65Y18         FDCE (Prop_fdce_C_Q)         0.459    10.607 r  count_reg[2]/Q
                         net (fo=10, routed)          0.735    11.342    count[2]
    SLICE_X64Y18         LUT3 (Prop_lut3_I0_O)        0.124    11.466 r  count[2]_i_1/O
                         net (fo=1, routed)           0.471    11.937    count[2]_i_1_n_0
    SLICE_X65Y18         FDCE                                         r  count_reg[2]/D
  -------------------------------------------------------------------    -------------------

                         (clock sys_clk_pin fall edge)
                                                     15.000    15.000 f  
    W5                                                0.000    15.000 f  clk (IN)
                         net (fo=0)                   0.000    15.000    clk
    W5                   IBUF (Prop_ibuf_I_O)         1.388    16.388 f  clk_IBUF_inst/O
                         net (fo=1, routed)           1.862    18.250    clk_IBUF
    BUFGCTRL_X0Y0        BUFG (Prop_bufg_I_O)         0.091    18.341 f  clk_IBUF_BUFG_inst/O
                         net (fo=7, routed)           1.509    19.850    clk_IBUF_BUFG
    SLICE_X65Y18         FDCE                                         r  count_reg[2]/C  (IS_INVERTED)
                         clock pessimism              0.298    20.148    
                         clock uncertainty           -0.035    20.113    
    SLICE_X65Y18         FDCE (Setup_fdce_C_D)       -0.064    20.049    count_reg[2]
  -------------------------------------------------------------------
                         required time                         20.049    
                         arrival time                         -11.937    
  -------------------------------------------------------------------
                         slack                                  8.112    

Slack (MET) :             8.479ns  (required time - arrival time)
  Source:                 FSM_onehot_c_state_reg[1]/C
                            (rising edge-triggered cell FDCE clocked by sys_clk_pin  {rise@0.000ns fall@5.000ns period=10.000ns})
  Destination:            FSM_onehot_c_state_reg[1]/D
                            (rising edge-triggered cell FDCE clocked by sys_clk_pin  {rise@0.000ns fall@5.000ns period=10.000ns})
  Path Group:             sys_clk_pin
  Path Type:              Setup (Max at Slow Process Corner)
  Requirement:            10.000ns  (sys_clk_pin rise@10.000ns - sys_clk_pin rise@0.000ns)
  Data Path Delay:        1.562ns  (logic 0.642ns (41.095%)  route 0.920ns (58.905%))
  Logic Levels:           1  (LUT3=1)
  Clock Path Skew:        0.000ns (DCD - SCD + CPR)
    Destination Clock Delay (DCD):    4.850ns = ( 14.850 - 10.000 ) 
    Source Clock Delay      (SCD):    5.148ns
    Clock Pessimism Removal (CPR):    0.298ns
  Clock Uncertainty:      0.035ns  ((TSJ^2 + TIJ^2)^1/2 + DJ) / 2 + PE
    Total System Jitter     (TSJ):    0.071ns
    Total Input Jitter      (TIJ):    0.000ns
    Discrete Jitter          (DJ):    0.000ns
    Phase Error              (PE):    0.000ns

    Location             Delay type                Incr(ns)  Path(ns)    Netlist Resource(s)
  -------------------------------------------------------------------    -------------------
                         (clock sys_clk_pin rise edge)
                                                      0.000     0.000 r  
    W5                                                0.000     0.000 r  clk (IN)
                         net (fo=0)                   0.000     0.000    clk
    W5                   IBUF (Prop_ibuf_I_O)         1.458     1.458 r  clk_IBUF_inst/O
                         net (fo=1, routed)           1.967     3.425    clk_IBUF
    BUFGCTRL_X0Y0        BUFG (Prop_bufg_I_O)         0.096     3.521 r  clk_IBUF_BUFG_inst/O
                         net (fo=7, routed)           1.627     5.148    clk_IBUF_BUFG
    SLICE_X64Y18         FDCE                                         r  FSM_onehot_c_state_reg[1]/C
  -------------------------------------------------------------------    -------------------
    SLICE_X64Y18         FDCE (Prop_fdce_C_Q)         0.518     5.666 r  FSM_onehot_c_state_reg[1]/Q
                         net (fo=2, routed)           0.920     6.586    FSM_onehot_c_state_reg_n_0_[1]
    SLICE_X64Y18         LUT3 (Prop_lut3_I2_O)        0.124     6.710 r  FSM_onehot_c_state[1]_i_1/O
                         net (fo=1, routed)           0.000     6.710    FSM_onehot_c_state[1]_i_1_n_0
    SLICE_X64Y18         FDCE                                         r  FSM_onehot_c_state_reg[1]/D
  -------------------------------------------------------------------    -------------------

                         (clock sys_clk_pin rise edge)
                                                     10.000    10.000 r  
    W5                                                0.000    10.000 r  clk (IN)
                         net (fo=0)                   0.000    10.000    clk
    W5                   IBUF (Prop_ibuf_I_O)         1.388    11.388 r  clk_IBUF_inst/O
                         net (fo=1, routed)           1.862    13.250    clk_IBUF
    BUFGCTRL_X0Y0        BUFG (Prop_bufg_I_O)         0.091    13.341 r  clk_IBUF_BUFG_inst/O
                         net (fo=7, routed)           1.509    14.850    clk_IBUF_BUFG
    SLICE_X64Y18         FDCE                                         r  FSM_onehot_c_state_reg[1]/C
                         clock pessimism              0.298    15.148    
                         clock uncertainty           -0.035    15.113    
    SLICE_X64Y18         FDCE (Setup_fdce_C_D)        0.077    15.190    FSM_onehot_c_state_reg[1]
  -------------------------------------------------------------------
                         required time                         15.190    
                         arrival time                          -6.710    
  -------------------------------------------------------------------
                         slack                                  8.479    

Slack (MET) :             8.494ns  (required time - arrival time)
  Source:                 FSM_onehot_c_state_reg[1]/C
                            (rising edge-triggered cell FDCE clocked by sys_clk_pin  {rise@0.000ns fall@5.000ns period=10.000ns})
  Destination:            FSM_onehot_c_state_reg[2]/D
                            (rising edge-triggered cell FDCE clocked by sys_clk_pin  {rise@0.000ns fall@5.000ns period=10.000ns})
  Path Group:             sys_clk_pin
  Path Type:              Setup (Max at Slow Process Corner)
  Requirement:            10.000ns  (sys_clk_pin rise@10.000ns - sys_clk_pin rise@0.000ns)
  Data Path Delay:        1.588ns  (logic 0.668ns (42.060%)  route 0.920ns (57.940%))
  Logic Levels:           1  (LUT2=1)
  Clock Path Skew:        0.000ns (DCD - SCD + CPR)
    Destination Clock Delay (DCD):    4.850ns = ( 14.850 - 10.000 ) 
    Source Clock Delay      (SCD):    5.148ns
    Clock Pessimism Removal (CPR):    0.298ns
  Clock Uncertainty:      0.035ns  ((TSJ^2 + TIJ^2)^1/2 + DJ) / 2 + PE
    Total System Jitter     (TSJ):    0.071ns
    Total Input Jitter      (TIJ):    0.000ns
    Discrete Jitter          (DJ):    0.000ns
    Phase Error              (PE):    0.000ns

    Location             Delay type                Incr(ns)  Path(ns)    Netlist Resource(s)
  -------------------------------------------------------------------    -------------------
                         (clock sys_clk_pin rise edge)
                                                      0.000     0.000 r  
    W5                                                0.000     0.000 r  clk (IN)
                         net (fo=0)                   0.000     0.000    clk
    W5                   IBUF (Prop_ibuf_I_O)         1.458     1.458 r  clk_IBUF_inst/O
                         net (fo=1, routed)           1.967     3.425    clk_IBUF
    BUFGCTRL_X0Y0        BUFG (Prop_bufg_I_O)         0.096     3.521 r  clk_IBUF_BUFG_inst/O
                         net (fo=7, routed)           1.627     5.148    clk_IBUF_BUFG
    SLICE_X64Y18         FDCE                                         r  FSM_onehot_c_state_reg[1]/C
  -------------------------------------------------------------------    -------------------
    SLICE_X64Y18         FDCE (Prop_fdce_C_Q)         0.518     5.666 r  FSM_onehot_c_state_reg[1]/Q
                         net (fo=2, routed)           0.920     6.586    FSM_onehot_c_state_reg_n_0_[1]
    SLICE_X64Y18         LUT2 (Prop_lut2_I0_O)        0.150     6.736 r  FSM_onehot_c_state[2]_i_1/O
                         net (fo=1, routed)           0.000     6.736    FSM_onehot_c_state[2]_i_1_n_0
    SLICE_X64Y18         FDCE                                         r  FSM_onehot_c_state_reg[2]/D
  -------------------------------------------------------------------    -------------------

                         (clock sys_clk_pin rise edge)
                                                     10.000    10.000 r  
    W5                                                0.000    10.000 r  clk (IN)
                         net (fo=0)                   0.000    10.000    clk
    W5                   IBUF (Prop_ibuf_I_O)         1.388    11.388 r  clk_IBUF_inst/O
                         net (fo=1, routed)           1.862    13.250    clk_IBUF
    BUFGCTRL_X0Y0        BUFG (Prop_bufg_I_O)         0.091    13.341 r  clk_IBUF_BUFG_inst/O
                         net (fo=7, routed)           1.509    14.850    clk_IBUF_BUFG
    SLICE_X64Y18         FDCE                                         r  FSM_onehot_c_state_reg[2]/C
                         clock pessimism              0.298    15.148    
                         clock uncertainty           -0.035    15.113    
    SLICE_X64Y18         FDCE (Setup_fdce_C_D)        0.118    15.231    FSM_onehot_c_state_reg[2]
  -------------------------------------------------------------------
                         required time                         15.231    
                         arrival time                          -6.736    
  -------------------------------------------------------------------
                         slack                                  8.494    

Slack (MET) :             8.568ns  (required time - arrival time)
  Source:                 count_reg[3]/C
                            (falling edge-triggered cell FDCE clocked by sys_clk_pin  {rise@0.000ns fall@5.000ns period=10.000ns})
  Destination:            count_reg[1]/D
                            (falling edge-triggered cell FDCE clocked by sys_clk_pin  {rise@0.000ns fall@5.000ns period=10.000ns})
  Path Group:             sys_clk_pin
  Path Type:              Setup (Max at Slow Process Corner)
  Requirement:            10.000ns  (sys_clk_pin fall@15.000ns - sys_clk_pin fall@5.000ns)
  Data Path Delay:        1.431ns  (logic 0.719ns (50.260%)  route 0.712ns (49.740%))
  Logic Levels:           1  (LUT4=1)
  Clock Path Skew:        0.000ns (DCD - SCD + CPR)
    Destination Clock Delay (DCD):    4.850ns = ( 19.850 - 15.000 ) 
    Source Clock Delay      (SCD):    5.148ns = ( 10.148 - 5.000 ) 
    Clock Pessimism Removal (CPR):    0.298ns
  Clock Uncertainty:      0.035ns  ((TSJ^2 + TIJ^2)^1/2 + DJ) / 2 + PE
    Total System Jitter     (TSJ):    0.071ns
    Total Input Jitter      (TIJ):    0.000ns
    Discrete Jitter          (DJ):    0.000ns
    Phase Error              (PE):    0.000ns

    Location             Delay type                Incr(ns)  Path(ns)    Netlist Resource(s)
  -------------------------------------------------------------------    -------------------
                         (clock sys_clk_pin fall edge)
                                                      5.000     5.000 f  
    W5                                                0.000     5.000 f  clk (IN)
                         net (fo=0)                   0.000     5.000    clk
    W5                   IBUF (Prop_ibuf_I_O)         1.458     6.458 f  clk_IBUF_inst/O
                         net (fo=1, routed)           1.967     8.425    clk_IBUF
    BUFGCTRL_X0Y0        BUFG (Prop_bufg_I_O)         0.096     8.521 f  clk_IBUF_BUFG_inst/O
                         net (fo=7, routed)           1.627    10.148    clk_IBUF_BUFG
    SLICE_X65Y18         FDCE                                         r  count_reg[3]/C  (IS_INVERTED)
  -------------------------------------------------------------------    -------------------
    SLICE_X65Y18         FDCE (Prop_fdce_C_Q)         0.422    10.570 f  count_reg[3]/Q
                         net (fo=9, routed)           0.712    11.282    count[3]
    SLICE_X65Y18         LUT4 (Prop_lut4_I1_O)        0.297    11.579 r  count[1]_i_1/O
                         net (fo=1, routed)           0.000    11.579    count[1]_i_1_n_0
    SLICE_X65Y18         FDCE                                         r  count_reg[1]/D
  -------------------------------------------------------------------    -------------------

                         (clock sys_clk_pin fall edge)
                                                     15.000    15.000 f  
    W5                                                0.000    15.000 f  clk (IN)
                         net (fo=0)                   0.000    15.000    clk
    W5                   IBUF (Prop_ibuf_I_O)         1.388    16.388 f  clk_IBUF_inst/O
                         net (fo=1, routed)           1.862    18.250    clk_IBUF
    BUFGCTRL_X0Y0        BUFG (Prop_bufg_I_O)         0.091    18.341 f  clk_IBUF_BUFG_inst/O
                         net (fo=7, routed)           1.509    19.850    clk_IBUF_BUFG
    SLICE_X65Y18         FDCE                                         r  count_reg[1]/C  (IS_INVERTED)
                         clock pessimism              0.298    20.148    
                         clock uncertainty           -0.035    20.113    
    SLICE_X65Y18         FDCE (Setup_fdce_C_D)        0.034    20.147    count_reg[1]
  -------------------------------------------------------------------
                         required time                         20.147    
                         arrival time                         -11.579    
  -------------------------------------------------------------------
                         slack                                  8.568    

Slack (MET) :             8.582ns  (required time - arrival time)
  Source:                 count_reg[3]/C
                            (falling edge-triggered cell FDCE clocked by sys_clk_pin  {rise@0.000ns fall@5.000ns period=10.000ns})
  Destination:            count_reg[3]/D
                            (falling edge-triggered cell FDCE clocked by sys_clk_pin  {rise@0.000ns fall@5.000ns period=10.000ns})
  Path Group:             sys_clk_pin
  Path Type:              Setup (Max at Slow Process Corner)
  Requirement:            10.000ns  (sys_clk_pin fall@15.000ns - sys_clk_pin fall@5.000ns)
  Data Path Delay:        1.461ns  (logic 0.749ns (51.282%)  route 0.712ns (48.718%))
  Logic Levels:           1  (LUT4=1)
  Clock Path Skew:        0.000ns (DCD - SCD + CPR)
    Destination Clock Delay (DCD):    4.850ns = ( 19.850 - 15.000 ) 
    Source Clock Delay      (SCD):    5.148ns = ( 10.148 - 5.000 ) 
    Clock Pessimism Removal (CPR):    0.298ns
  Clock Uncertainty:      0.035ns  ((TSJ^2 + TIJ^2)^1/2 + DJ) / 2 + PE
    Total System Jitter     (TSJ):    0.071ns
    Total Input Jitter      (TIJ):    0.000ns
    Discrete Jitter          (DJ):    0.000ns
    Phase Error              (PE):    0.000ns

    Location             Delay type                Incr(ns)  Path(ns)    Netlist Resource(s)
  -------------------------------------------------------------------    -------------------
                         (clock sys_clk_pin fall edge)
                                                      5.000     5.000 f  
    W5                                                0.000     5.000 f  clk (IN)
                         net (fo=0)                   0.000     5.000    clk
    W5                   IBUF (Prop_ibuf_I_O)         1.458     6.458 f  clk_IBUF_inst/O
                         net (fo=1, routed)           1.967     8.425    clk_IBUF
    BUFGCTRL_X0Y0        BUFG (Prop_bufg_I_O)         0.096     8.521 f  clk_IBUF_BUFG_inst/O
                         net (fo=7, routed)           1.627    10.148    clk_IBUF_BUFG
    SLICE_X65Y18         FDCE                                         r  count_reg[3]/C  (IS_INVERTED)
  -------------------------------------------------------------------    -------------------
    SLICE_X65Y18         FDCE (Prop_fdce_C_Q)         0.422    10.570 r  count_reg[3]/Q
                         net (fo=9, routed)           0.712    11.282    count[3]
    SLICE_X65Y18         LUT4 (Prop_lut4_I1_O)        0.327    11.609 r  count[3]_i_1/O
                         net (fo=1, routed)           0.000    11.609    count[3]_i_1_n_0
    SLICE_X65Y18         FDCE                                         r  count_reg[3]/D
  -------------------------------------------------------------------    -------------------

                         (clock sys_clk_pin fall edge)
                                                     15.000    15.000 f  
    W5                                                0.000    15.000 f  clk (IN)
                         net (fo=0)                   0.000    15.000    clk
    W5                   IBUF (Prop_ibuf_I_O)         1.388    16.388 f  clk_IBUF_inst/O
                         net (fo=1, routed)           1.862    18.250    clk_IBUF
    BUFGCTRL_X0Y0        BUFG (Prop_bufg_I_O)         0.091    18.341 f  clk_IBUF_BUFG_inst/O
                         net (fo=7, routed)           1.509    19.850    clk_IBUF_BUFG
    SLICE_X65Y18         FDCE                                         r  count_reg[3]/C  (IS_INVERTED)
                         clock pessimism              0.298    20.148    
                         clock uncertainty           -0.035    20.113    
    SLICE_X65Y18         FDCE (Setup_fdce_C_D)        0.078    20.191    count_reg[3]
  -------------------------------------------------------------------
                         required time                         20.191    
                         arrival time                         -11.609    
  -------------------------------------------------------------------
                         slack                                  8.582    

Slack (MET) :             8.739ns  (required time - arrival time)
  Source:                 FSM_onehot_c_state_reg[0]/C
                            (rising edge-triggered cell FDPE clocked by sys_clk_pin  {rise@0.000ns fall@5.000ns period=10.000ns})
  Destination:            FSM_onehot_c_state_reg[0]/D
                            (rising edge-triggered cell FDPE clocked by sys_clk_pin  {rise@0.000ns fall@5.000ns period=10.000ns})
  Path Group:             sys_clk_pin
  Path Type:              Setup (Max at Slow Process Corner)
  Requirement:            10.000ns  (sys_clk_pin rise@10.000ns - sys_clk_pin rise@0.000ns)
  Data Path Delay:        1.306ns  (logic 0.642ns (49.150%)  route 0.664ns (50.850%))
  Logic Levels:           1  (LUT3=1)
  Clock Path Skew:        0.000ns (DCD - SCD + CPR)
    Destination Clock Delay (DCD):    4.850ns = ( 14.850 - 10.000 ) 
    Source Clock Delay      (SCD):    5.148ns
    Clock Pessimism Removal (CPR):    0.298ns
  Clock Uncertainty:      0.035ns  ((TSJ^2 + TIJ^2)^1/2 + DJ) / 2 + PE
    Total System Jitter     (TSJ):    0.071ns
    Total Input Jitter      (TIJ):    0.000ns
    Discrete Jitter          (DJ):    0.000ns
    Phase Error              (PE):    0.000ns

    Location             Delay type                Incr(ns)  Path(ns)    Netlist Resource(s)
  -------------------------------------------------------------------    -------------------
                         (clock sys_clk_pin rise edge)
                                                      0.000     0.000 r  
    W5                                                0.000     0.000 r  clk (IN)
                         net (fo=0)                   0.000     0.000    clk
    W5                   IBUF (Prop_ibuf_I_O)         1.458     1.458 r  clk_IBUF_inst/O
                         net (fo=1, routed)           1.967     3.425    clk_IBUF
    BUFGCTRL_X0Y0        BUFG (Prop_bufg_I_O)         0.096     3.521 r  clk_IBUF_BUFG_inst/O
                         net (fo=7, routed)           1.627     5.148    clk_IBUF_BUFG
    SLICE_X64Y18         FDPE                                         r  FSM_onehot_c_state_reg[0]/C
  -------------------------------------------------------------------    -------------------
    SLICE_X64Y18         FDPE (Prop_fdpe_C_Q)         0.518     5.666 r  FSM_onehot_c_state_reg[0]/Q
                         net (fo=2, routed)           0.664     6.330    FSM_onehot_c_state_reg_n_0_[0]
    SLICE_X64Y18         LUT3 (Prop_lut3_I2_O)        0.124     6.454 r  FSM_onehot_c_state[0]_i_1/O
                         net (fo=1, routed)           0.000     6.454    FSM_onehot_c_state[0]_i_1_n_0
    SLICE_X64Y18         FDPE                                         r  FSM_onehot_c_state_reg[0]/D
  -------------------------------------------------------------------    -------------------

                         (clock sys_clk_pin rise edge)
                                                     10.000    10.000 r  
    W5                                                0.000    10.000 r  clk (IN)
                         net (fo=0)                   0.000    10.000    clk
    W5                   IBUF (Prop_ibuf_I_O)         1.388    11.388 r  clk_IBUF_inst/O
                         net (fo=1, routed)           1.862    13.250    clk_IBUF
    BUFGCTRL_X0Y0        BUFG (Prop_bufg_I_O)         0.091    13.341 r  clk_IBUF_BUFG_inst/O
                         net (fo=7, routed)           1.509    14.850    clk_IBUF_BUFG
    SLICE_X64Y18         FDPE                                         r  FSM_onehot_c_state_reg[0]/C
                         clock pessimism              0.298    15.148    
                         clock uncertainty           -0.035    15.113    
    SLICE_X64Y18         FDPE (Setup_fdpe_C_D)        0.081    15.194    FSM_onehot_c_state_reg[0]
  -------------------------------------------------------------------
                         required time                         15.194    
                         arrival time                          -6.454    
  -------------------------------------------------------------------
                         slack                                  8.739    





Min Delay Paths
--------------------------------------------------------------------------------------
Slack (MET) :             0.196ns  (arrival time - required time)
  Source:                 FSM_onehot_c_state_reg[2]/C
                            (rising edge-triggered cell FDCE clocked by sys_clk_pin  {rise@0.000ns fall@5.000ns period=10.000ns})
  Destination:            FSM_onehot_c_state_reg[0]/D
                            (rising edge-triggered cell FDPE clocked by sys_clk_pin  {rise@0.000ns fall@5.000ns period=10.000ns})
  Path Group:             sys_clk_pin
  Path Type:              Hold (Min at Fast Process Corner)
  Requirement:            0.000ns  (sys_clk_pin rise@0.000ns - sys_clk_pin rise@0.000ns)
  Data Path Delay:        0.317ns  (logic 0.246ns (77.542%)  route 0.071ns (22.458%))
  Logic Levels:           1  (LUT3=1)
  Clock Path Skew:        0.000ns (DCD - SCD - CPR)
    Destination Clock Delay (DCD):    1.984ns
    Source Clock Delay      (SCD):    1.471ns
    Clock Pessimism Removal (CPR):    0.513ns

    Location             Delay type                Incr(ns)  Path(ns)    Netlist Resource(s)
  -------------------------------------------------------------------    -------------------
                         (clock sys_clk_pin rise edge)
                                                      0.000     0.000 r  
    W5                                                0.000     0.000 r  clk (IN)
                         net (fo=0)                   0.000     0.000    clk
    W5                   IBUF (Prop_ibuf_I_O)         0.226     0.226 r  clk_IBUF_inst/O
                         net (fo=1, routed)           0.631     0.858    clk_IBUF
    BUFGCTRL_X0Y0        BUFG (Prop_bufg_I_O)         0.026     0.884 r  clk_IBUF_BUFG_inst/O
                         net (fo=7, routed)           0.588     1.471    clk_IBUF_BUFG
    SLICE_X64Y18         FDCE                                         r  FSM_onehot_c_state_reg[2]/C
  -------------------------------------------------------------------    -------------------
    SLICE_X64Y18         FDCE (Prop_fdce_C_Q)         0.148     1.619 r  FSM_onehot_c_state_reg[2]/Q
                         net (fo=5, routed)           0.071     1.690    cnt_enable
    SLICE_X64Y18         LUT3 (Prop_lut3_I0_O)        0.098     1.788 r  FSM_onehot_c_state[0]_i_1/O
                         net (fo=1, routed)           0.000     1.788    FSM_onehot_c_state[0]_i_1_n_0
    SLICE_X64Y18         FDPE                                         r  FSM_onehot_c_state_reg[0]/D
  -------------------------------------------------------------------    -------------------

                         (clock sys_clk_pin rise edge)
                                                      0.000     0.000 r  
    W5                                                0.000     0.000 r  clk (IN)
                         net (fo=0)                   0.000     0.000    clk
    W5                   IBUF (Prop_ibuf_I_O)         0.414     0.414 r  clk_IBUF_inst/O
                         net (fo=1, routed)           0.685     1.099    clk_IBUF
    BUFGCTRL_X0Y0        BUFG (Prop_bufg_I_O)         0.029     1.128 r  clk_IBUF_BUFG_inst/O
                         net (fo=7, routed)           0.857     1.984    clk_IBUF_BUFG
    SLICE_X64Y18         FDPE                                         r  FSM_onehot_c_state_reg[0]/C
                         clock pessimism             -0.513     1.471    
    SLICE_X64Y18         FDPE (Hold_fdpe_C_D)         0.121     1.592    FSM_onehot_c_state_reg[0]
  -------------------------------------------------------------------
                         required time                         -1.592    
                         arrival time                           1.788    
  -------------------------------------------------------------------
                         slack                                  0.196    

Slack (MET) :             0.264ns  (arrival time - required time)
  Source:                 count_reg[2]/C
                            (falling edge-triggered cell FDCE clocked by sys_clk_pin  {rise@0.000ns fall@5.000ns period=10.000ns})
  Destination:            count_reg[3]/D
                            (falling edge-triggered cell FDCE clocked by sys_clk_pin  {rise@0.000ns fall@5.000ns period=10.000ns})
  Path Group:             sys_clk_pin
  Path Type:              Hold (Min at Fast Process Corner)
  Requirement:            0.000ns  (sys_clk_pin fall@5.000ns - sys_clk_pin fall@5.000ns)
  Data Path Delay:        0.378ns  (logic 0.197ns (52.173%)  route 0.181ns (47.827%))
  Logic Levels:           1  (LUT4=1)
  Clock Path Skew:        0.000ns (DCD - SCD - CPR)
    Destination Clock Delay (DCD):    1.984ns = ( 6.984 - 5.000 ) 
    Source Clock Delay      (SCD):    1.471ns = ( 6.471 - 5.000 ) 
    Clock Pessimism Removal (CPR):    0.513ns

    Location             Delay type                Incr(ns)  Path(ns)    Netlist Resource(s)
  -------------------------------------------------------------------    -------------------
                         (clock sys_clk_pin fall edge)
                                                      5.000     5.000 f  
    W5                                                0.000     5.000 f  clk (IN)
                         net (fo=0)                   0.000     5.000    clk
    W5                   IBUF (Prop_ibuf_I_O)         0.226     5.226 f  clk_IBUF_inst/O
                         net (fo=1, routed)           0.631     5.858    clk_IBUF
    BUFGCTRL_X0Y0        BUFG (Prop_bufg_I_O)         0.026     5.884 f  clk_IBUF_BUFG_inst/O
                         net (fo=7, routed)           0.588     6.471    clk_IBUF_BUFG
    SLICE_X65Y18         FDCE                                         r  count_reg[2]/C  (IS_INVERTED)
  -------------------------------------------------------------------    -------------------
    SLICE_X65Y18         FDCE (Prop_fdce_C_Q)         0.146     6.617 r  count_reg[2]/Q
                         net (fo=10, routed)          0.181     6.798    count[2]
    SLICE_X65Y18         LUT4 (Prop_lut4_I0_O)        0.051     6.849 r  count[3]_i_1/O
                         net (fo=1, routed)           0.000     6.849    count[3]_i_1_n_0
    SLICE_X65Y18         FDCE                                         r  count_reg[3]/D
  -------------------------------------------------------------------    -------------------

                         (clock sys_clk_pin fall edge)
                                                      5.000     5.000 f  
    W5                                                0.000     5.000 f  clk (IN)
                         net (fo=0)                   0.000     5.000    clk
    W5                   IBUF (Prop_ibuf_I_O)         0.414     5.414 f  clk_IBUF_inst/O
                         net (fo=1, routed)           0.685     6.099    clk_IBUF
    BUFGCTRL_X0Y0        BUFG (Prop_bufg_I_O)         0.029     6.128 f  clk_IBUF_BUFG_inst/O
                         net (fo=7, routed)           0.857     6.984    clk_IBUF_BUFG
    SLICE_X65Y18         FDCE                                         r  count_reg[3]/C  (IS_INVERTED)
                         clock pessimism             -0.513     6.471    
    SLICE_X65Y18         FDCE (Hold_fdce_C_D)         0.114     6.585    count_reg[3]
  -------------------------------------------------------------------
                         required time                         -6.585    
                         arrival time                           6.849    
  -------------------------------------------------------------------
                         slack                                  0.264    

Slack (MET) :             0.273ns  (arrival time - required time)
  Source:                 count_reg[2]/C
                            (falling edge-triggered cell FDCE clocked by sys_clk_pin  {rise@0.000ns fall@5.000ns period=10.000ns})
  Destination:            count_reg[1]/D
                            (falling edge-triggered cell FDCE clocked by sys_clk_pin  {rise@0.000ns fall@5.000ns period=10.000ns})
  Path Group:             sys_clk_pin
  Path Type:              Hold (Min at Fast Process Corner)
  Requirement:            0.000ns  (sys_clk_pin fall@5.000ns - sys_clk_pin fall@5.000ns)
  Data Path Delay:        0.372ns  (logic 0.191ns (51.401%)  route 0.181ns (48.599%))
  Logic Levels:           1  (LUT4=1)
  Clock Path Skew:        0.000ns (DCD - SCD - CPR)
    Destination Clock Delay (DCD):    1.984ns = ( 6.984 - 5.000 ) 
    Source Clock Delay      (SCD):    1.471ns = ( 6.471 - 5.000 ) 
    Clock Pessimism Removal (CPR):    0.513ns

    Location             Delay type                Incr(ns)  Path(ns)    Netlist Resource(s)
  -------------------------------------------------------------------    -------------------
                         (clock sys_clk_pin fall edge)
                                                      5.000     5.000 f  
    W5                                                0.000     5.000 f  clk (IN)
                         net (fo=0)                   0.000     5.000    clk
    W5                   IBUF (Prop_ibuf_I_O)         0.226     5.226 f  clk_IBUF_inst/O
                         net (fo=1, routed)           0.631     5.858    clk_IBUF
    BUFGCTRL_X0Y0        BUFG (Prop_bufg_I_O)         0.026     5.884 f  clk_IBUF_BUFG_inst/O
                         net (fo=7, routed)           0.588     6.471    clk_IBUF_BUFG
    SLICE_X65Y18         FDCE                                         r  count_reg[2]/C  (IS_INVERTED)
  -------------------------------------------------------------------    -------------------
    SLICE_X65Y18         FDCE (Prop_fdce_C_Q)         0.146     6.617 r  count_reg[2]/Q
                         net (fo=10, routed)          0.181     6.798    count[2]
    SLICE_X65Y18         LUT4 (Prop_lut4_I0_O)        0.045     6.843 r  count[1]_i_1/O
                         net (fo=1, routed)           0.000     6.843    count[1]_i_1_n_0
    SLICE_X65Y18         FDCE                                         r  count_reg[1]/D
  -------------------------------------------------------------------    -------------------

                         (clock sys_clk_pin fall edge)
                                                      5.000     5.000 f  
    W5                                                0.000     5.000 f  clk (IN)
                         net (fo=0)                   0.000     5.000    clk
    W5                   IBUF (Prop_ibuf_I_O)         0.414     5.414 f  clk_IBUF_inst/O
                         net (fo=1, routed)           0.685     6.099    clk_IBUF
    BUFGCTRL_X0Y0        BUFG (Prop_bufg_I_O)         0.029     6.128 f  clk_IBUF_BUFG_inst/O
                         net (fo=7, routed)           0.857     6.984    clk_IBUF_BUFG
    SLICE_X65Y18         FDCE                                         r  count_reg[1]/C  (IS_INVERTED)
                         clock pessimism             -0.513     6.471    
    SLICE_X65Y18         FDCE (Hold_fdce_C_D)         0.099     6.570    count_reg[1]
  -------------------------------------------------------------------
                         required time                         -6.570    
                         arrival time                           6.843    
  -------------------------------------------------------------------
                         slack                                  0.273    

Slack (MET) :             0.296ns  (arrival time - required time)
  Source:                 count_reg[0]/C
                            (falling edge-triggered cell FDCE clocked by sys_clk_pin  {rise@0.000ns fall@5.000ns period=10.000ns})
  Destination:            count_reg[0]/D
                            (falling edge-triggered cell FDCE clocked by sys_clk_pin  {rise@0.000ns fall@5.000ns period=10.000ns})
  Path Group:             sys_clk_pin
  Path Type:              Hold (Min at Fast Process Corner)
  Requirement:            0.000ns  (sys_clk_pin fall@5.000ns - sys_clk_pin fall@5.000ns)
  Data Path Delay:        0.395ns  (logic 0.191ns (48.410%)  route 0.204ns (51.590%))
  Logic Levels:           1  (LUT1=1)
  Clock Path Skew:        0.000ns (DCD - SCD - CPR)
    Destination Clock Delay (DCD):    1.984ns = ( 6.984 - 5.000 ) 
    Source Clock Delay      (SCD):    1.471ns = ( 6.471 - 5.000 ) 
    Clock Pessimism Removal (CPR):    0.513ns

    Location             Delay type                Incr(ns)  Path(ns)    Netlist Resource(s)
  -------------------------------------------------------------------    -------------------
                         (clock sys_clk_pin fall edge)
                                                      5.000     5.000 f  
    W5                                                0.000     5.000 f  clk (IN)
                         net (fo=0)                   0.000     5.000    clk
    W5                   IBUF (Prop_ibuf_I_O)         0.226     5.226 f  clk_IBUF_inst/O
                         net (fo=1, routed)           0.631     5.858    clk_IBUF
    BUFGCTRL_X0Y0        BUFG (Prop_bufg_I_O)         0.026     5.884 f  clk_IBUF_BUFG_inst/O
                         net (fo=7, routed)           0.588     6.471    clk_IBUF_BUFG
    SLICE_X65Y18         FDCE                                         r  count_reg[0]/C  (IS_INVERTED)
  -------------------------------------------------------------------    -------------------
    SLICE_X65Y18         FDCE (Prop_fdce_C_Q)         0.146     6.617 f  count_reg[0]/Q
                         net (fo=11, routed)          0.204     6.821    count[0]
    SLICE_X65Y18         LUT1 (Prop_lut1_I0_O)        0.045     6.866 r  count[0]_i_1/O
                         net (fo=1, routed)           0.000     6.866    count[0]_i_1_n_0
    SLICE_X65Y18         FDCE                                         r  count_reg[0]/D
  -------------------------------------------------------------------    -------------------

                         (clock sys_clk_pin fall edge)
                                                      5.000     5.000 f  
    W5                                                0.000     5.000 f  clk (IN)
                         net (fo=0)                   0.000     5.000    clk
    W5                   IBUF (Prop_ibuf_I_O)         0.414     5.414 f  clk_IBUF_inst/O
                         net (fo=1, routed)           0.685     6.099    clk_IBUF
    BUFGCTRL_X0Y0        BUFG (Prop_bufg_I_O)         0.029     6.128 f  clk_IBUF_BUFG_inst/O
                         net (fo=7, routed)           0.857     6.984    clk_IBUF_BUFG
    SLICE_X65Y18         FDCE                                         r  count_reg[0]/C  (IS_INVERTED)
                         clock pessimism             -0.513     6.471    
    SLICE_X65Y18         FDCE (Hold_fdce_C_D)         0.099     6.570    count_reg[0]
  -------------------------------------------------------------------
                         required time                         -6.570    
                         arrival time                           6.866    
  -------------------------------------------------------------------
                         slack                                  0.296    

Slack (MET) :             0.323ns  (arrival time - required time)
  Source:                 FSM_onehot_c_state_reg[0]/C
                            (rising edge-triggered cell FDPE clocked by sys_clk_pin  {rise@0.000ns fall@5.000ns period=10.000ns})
  Destination:            FSM_onehot_c_state_reg[1]/D
                            (rising edge-triggered cell FDCE clocked by sys_clk_pin  {rise@0.000ns fall@5.000ns period=10.000ns})
  Path Group:             sys_clk_pin
  Path Type:              Hold (Min at Fast Process Corner)
  Requirement:            0.000ns  (sys_clk_pin rise@0.000ns - sys_clk_pin rise@0.000ns)
  Data Path Delay:        0.443ns  (logic 0.209ns (47.156%)  route 0.234ns (52.844%))
  Logic Levels:           1  (LUT3=1)
  Clock Path Skew:        0.000ns (DCD - SCD - CPR)
    Destination Clock Delay (DCD):    1.984ns
    Source Clock Delay      (SCD):    1.471ns
    Clock Pessimism Removal (CPR):    0.513ns

    Location             Delay type                Incr(ns)  Path(ns)    Netlist Resource(s)
  -------------------------------------------------------------------    -------------------
                         (clock sys_clk_pin rise edge)
                                                      0.000     0.000 r  
    W5                                                0.000     0.000 r  clk (IN)
                         net (fo=0)                   0.000     0.000    clk
    W5                   IBUF (Prop_ibuf_I_O)         0.226     0.226 r  clk_IBUF_inst/O
                         net (fo=1, routed)           0.631     0.858    clk_IBUF
    BUFGCTRL_X0Y0        BUFG (Prop_bufg_I_O)         0.026     0.884 r  clk_IBUF_BUFG_inst/O
                         net (fo=7, routed)           0.588     1.471    clk_IBUF_BUFG
    SLICE_X64Y18         FDPE                                         r  FSM_onehot_c_state_reg[0]/C
  -------------------------------------------------------------------    -------------------
    SLICE_X64Y18         FDPE (Prop_fdpe_C_Q)         0.164     1.635 r  FSM_onehot_c_state_reg[0]/Q
                         net (fo=2, routed)           0.234     1.869    FSM_onehot_c_state_reg_n_0_[0]
    SLICE_X64Y18         LUT3 (Prop_lut3_I0_O)        0.045     1.914 r  FSM_onehot_c_state[1]_i_1/O
                         net (fo=1, routed)           0.000     1.914    FSM_onehot_c_state[1]_i_1_n_0
    SLICE_X64Y18         FDCE                                         r  FSM_onehot_c_state_reg[1]/D
  -------------------------------------------------------------------    -------------------

                         (clock sys_clk_pin rise edge)
                                                      0.000     0.000 r  
    W5                                                0.000     0.000 r  clk (IN)
                         net (fo=0)                   0.000     0.000    clk
    W5                   IBUF (Prop_ibuf_I_O)         0.414     0.414 r  clk_IBUF_inst/O
                         net (fo=1, routed)           0.685     1.099    clk_IBUF
    BUFGCTRL_X0Y0        BUFG (Prop_bufg_I_O)         0.029     1.128 r  clk_IBUF_BUFG_inst/O
                         net (fo=7, routed)           0.857     1.984    clk_IBUF_BUFG
    SLICE_X64Y18         FDCE                                         r  FSM_onehot_c_state_reg[1]/C
                         clock pessimism             -0.513     1.471    
    SLICE_X64Y18         FDCE (Hold_fdce_C_D)         0.120     1.591    FSM_onehot_c_state_reg[1]
  -------------------------------------------------------------------
                         required time                         -1.591    
                         arrival time                           1.914    
  -------------------------------------------------------------------
                         slack                                  0.323    

Slack (MET) :             0.385ns  (arrival time - required time)
  Source:                 count_reg[0]/C
                            (falling edge-triggered cell FDCE clocked by sys_clk_pin  {rise@0.000ns fall@5.000ns period=10.000ns})
  Destination:            count_reg[2]/D
                            (falling edge-triggered cell FDCE clocked by sys_clk_pin  {rise@0.000ns fall@5.000ns period=10.000ns})
  Path Group:             sys_clk_pin
  Path Type:              Hold (Min at Fast Process Corner)
  Requirement:            0.000ns  (sys_clk_pin fall@5.000ns - sys_clk_pin fall@5.000ns)
  Data Path Delay:        0.462ns  (logic 0.191ns (41.378%)  route 0.271ns (58.622%))
  Logic Levels:           1  (LUT3=1)
  Clock Path Skew:        0.000ns (DCD - SCD - CPR)
    Destination Clock Delay (DCD):    1.984ns = ( 6.984 - 5.000 ) 
    Source Clock Delay      (SCD):    1.471ns = ( 6.471 - 5.000 ) 
    Clock Pessimism Removal (CPR):    0.513ns

    Location             Delay type                Incr(ns)  Path(ns)    Netlist Resource(s)
  -------------------------------------------------------------------    -------------------
                         (clock sys_clk_pin fall edge)
                                                      5.000     5.000 f  
    W5                                                0.000     5.000 f  clk (IN)
                         net (fo=0)                   0.000     5.000    clk
    W5                   IBUF (Prop_ibuf_I_O)         0.226     5.226 f  clk_IBUF_inst/O
                         net (fo=1, routed)           0.631     5.858    clk_IBUF
    BUFGCTRL_X0Y0        BUFG (Prop_bufg_I_O)         0.026     5.884 f  clk_IBUF_BUFG_inst/O
                         net (fo=7, routed)           0.588     6.471    clk_IBUF_BUFG
    SLICE_X65Y18         FDCE                                         r  count_reg[0]/C  (IS_INVERTED)
  -------------------------------------------------------------------    -------------------
    SLICE_X65Y18         FDCE (Prop_fdce_C_Q)         0.146     6.617 r  count_reg[0]/Q
                         net (fo=11, routed)          0.126     6.743    count[0]
    SLICE_X64Y18         LUT3 (Prop_lut3_I1_O)        0.045     6.788 r  count[2]_i_1/O
                         net (fo=1, routed)           0.145     6.933    count[2]_i_1_n_0
    SLICE_X65Y18         FDCE                                         r  count_reg[2]/D
  -------------------------------------------------------------------    -------------------

                         (clock sys_clk_pin fall edge)
                                                      5.000     5.000 f  
    W5                                                0.000     5.000 f  clk (IN)
                         net (fo=0)                   0.000     5.000    clk
    W5                   IBUF (Prop_ibuf_I_O)         0.414     5.414 f  clk_IBUF_inst/O
                         net (fo=1, routed)           0.685     6.099    clk_IBUF
    BUFGCTRL_X0Y0        BUFG (Prop_bufg_I_O)         0.029     6.128 f  clk_IBUF_BUFG_inst/O
                         net (fo=7, routed)           0.857     6.984    clk_IBUF_BUFG
    SLICE_X65Y18         FDCE                                         r  count_reg[2]/C  (IS_INVERTED)
                         clock pessimism             -0.513     6.471    
    SLICE_X65Y18         FDCE (Hold_fdce_C_D)         0.077     6.548    count_reg[2]
  -------------------------------------------------------------------
                         required time                         -6.548    
                         arrival time                           6.933    
  -------------------------------------------------------------------
                         slack                                  0.385    

Slack (MET) :             0.490ns  (arrival time - required time)
  Source:                 FSM_onehot_c_state_reg[1]/C
                            (rising edge-triggered cell FDCE clocked by sys_clk_pin  {rise@0.000ns fall@5.000ns period=10.000ns})
  Destination:            FSM_onehot_c_state_reg[2]/D
                            (rising edge-triggered cell FDCE clocked by sys_clk_pin  {rise@0.000ns fall@5.000ns period=10.000ns})
  Path Group:             sys_clk_pin
  Path Type:              Hold (Min at Fast Process Corner)
  Requirement:            0.000ns  (sys_clk_pin rise@0.000ns - sys_clk_pin rise@0.000ns)
  Data Path Delay:        0.621ns  (logic 0.210ns (33.805%)  route 0.411ns (66.195%))
  Logic Levels:           1  (LUT2=1)
  Clock Path Skew:        0.000ns (DCD - SCD - CPR)
    Destination Clock Delay (DCD):    1.984ns
    Source Clock Delay      (SCD):    1.471ns
    Clock Pessimism Removal (CPR):    0.513ns

    Location             Delay type                Incr(ns)  Path(ns)    Netlist Resource(s)
  -------------------------------------------------------------------    -------------------
                         (clock sys_clk_pin rise edge)
                                                      0.000     0.000 r  
    W5                                                0.000     0.000 r  clk (IN)
                         net (fo=0)                   0.000     0.000    clk
    W5                   IBUF (Prop_ibuf_I_O)         0.226     0.226 r  clk_IBUF_inst/O
                         net (fo=1, routed)           0.631     0.858    clk_IBUF
    BUFGCTRL_X0Y0        BUFG (Prop_bufg_I_O)         0.026     0.884 r  clk_IBUF_BUFG_inst/O
                         net (fo=7, routed)           0.588     1.471    clk_IBUF_BUFG
    SLICE_X64Y18         FDCE                                         r  FSM_onehot_c_state_reg[1]/C
  -------------------------------------------------------------------    -------------------
    SLICE_X64Y18         FDCE (Prop_fdce_C_Q)         0.164     1.635 r  FSM_onehot_c_state_reg[1]/Q
                         net (fo=2, routed)           0.411     2.046    FSM_onehot_c_state_reg_n_0_[1]
    SLICE_X64Y18         LUT2 (Prop_lut2_I0_O)        0.046     2.092 r  FSM_onehot_c_state[2]_i_1/O
                         net (fo=1, routed)           0.000     2.092    FSM_onehot_c_state[2]_i_1_n_0
    SLICE_X64Y18         FDCE                                         r  FSM_onehot_c_state_reg[2]/D
  -------------------------------------------------------------------    -------------------

                         (clock sys_clk_pin rise edge)
                                                      0.000     0.000 r  
    W5                                                0.000     0.000 r  clk (IN)
                         net (fo=0)                   0.000     0.000    clk
    W5                   IBUF (Prop_ibuf_I_O)         0.414     0.414 r  clk_IBUF_inst/O
                         net (fo=1, routed)           0.685     1.099    clk_IBUF
    BUFGCTRL_X0Y0        BUFG (Prop_bufg_I_O)         0.029     1.128 r  clk_IBUF_BUFG_inst/O
                         net (fo=7, routed)           0.857     1.984    clk_IBUF_BUFG
    SLICE_X64Y18         FDCE                                         r  FSM_onehot_c_state_reg[2]/C
                         clock pessimism             -0.513     1.471    
    SLICE_X64Y18         FDCE (Hold_fdce_C_D)         0.131     1.602    FSM_onehot_c_state_reg[2]
  -------------------------------------------------------------------
                         required time                         -1.602    
                         arrival time                           2.092    
  -------------------------------------------------------------------
                         slack                                  0.490    

Slack (MET) :             5.318ns  (arrival time - required time)
  Source:                 FSM_onehot_c_state_reg[2]/C
                            (rising edge-triggered cell FDCE clocked by sys_clk_pin  {rise@0.000ns fall@5.000ns period=10.000ns})
  Destination:            count_reg[0]/CE
                            (falling edge-triggered cell FDCE clocked by sys_clk_pin  {rise@0.000ns fall@5.000ns period=10.000ns})
  Path Group:             sys_clk_pin
  Path Type:              Hold (Min at Fast Process Corner)
  Requirement:            -5.000ns  (sys_clk_pin fall@5.000ns - sys_clk_pin rise@10.000ns)
  Data Path Delay:        0.282ns  (logic 0.148ns (52.572%)  route 0.134ns (47.428%))
  Logic Levels:           0  
  Clock Path Skew:        0.013ns (DCD - SCD - CPR)
    Destination Clock Delay (DCD):    1.984ns = ( 6.984 - 5.000 ) 
    Source Clock Delay      (SCD):    1.471ns = ( 11.471 - 10.000 ) 
    Clock Pessimism Removal (CPR):    0.500ns
  Clock Uncertainty:      0.035ns  ((TSJ^2 + TIJ^2)^1/2 + DJ) / 2 + PE
    Total System Jitter     (TSJ):    0.071ns
    Total Input Jitter      (TIJ):    0.000ns
    Discrete Jitter          (DJ):    0.000ns
    Phase Error              (PE):    0.000ns

    Location             Delay type                Incr(ns)  Path(ns)    Netlist Resource(s)
  -------------------------------------------------------------------    -------------------
                         (clock sys_clk_pin rise edge)
                                                     10.000    10.000 r  
    W5                                                0.000    10.000 r  clk (IN)
                         net (fo=0)                   0.000    10.000    clk
    W5                   IBUF (Prop_ibuf_I_O)         0.226    10.226 r  clk_IBUF_inst/O
                         net (fo=1, routed)           0.631    10.858    clk_IBUF
    BUFGCTRL_X0Y0        BUFG (Prop_bufg_I_O)         0.026    10.884 r  clk_IBUF_BUFG_inst/O
                         net (fo=7, routed)           0.588    11.471    clk_IBUF_BUFG
    SLICE_X64Y18         FDCE                                         r  FSM_onehot_c_state_reg[2]/C
  -------------------------------------------------------------------    -------------------
    SLICE_X64Y18         FDCE (Prop_fdce_C_Q)         0.148    11.619 r  FSM_onehot_c_state_reg[2]/Q
                         net (fo=5, routed)           0.134    11.753    cnt_enable
    SLICE_X65Y18         FDCE                                         r  count_reg[0]/CE
  -------------------------------------------------------------------    -------------------

                         (clock sys_clk_pin fall edge)
                                                      5.000     5.000 f  
    W5                                                0.000     5.000 f  clk (IN)
                         net (fo=0)                   0.000     5.000    clk
    W5                   IBUF (Prop_ibuf_I_O)         0.414     5.414 f  clk_IBUF_inst/O
                         net (fo=1, routed)           0.685     6.099    clk_IBUF
    BUFGCTRL_X0Y0        BUFG (Prop_bufg_I_O)         0.029     6.128 f  clk_IBUF_BUFG_inst/O
                         net (fo=7, routed)           0.857     6.984    clk_IBUF_BUFG
    SLICE_X65Y18         FDCE                                         r  count_reg[0]/C  (IS_INVERTED)
                         clock pessimism             -0.500     6.484    
                         clock uncertainty            0.035     6.519    
    SLICE_X65Y18         FDCE (Hold_fdce_C_CE)       -0.085     6.434    count_reg[0]
  -------------------------------------------------------------------
                         required time                         -6.434    
                         arrival time                          11.753    
  -------------------------------------------------------------------
                         slack                                  5.318    

Slack (MET) :             5.318ns  (arrival time - required time)
  Source:                 FSM_onehot_c_state_reg[2]/C
                            (rising edge-triggered cell FDCE clocked by sys_clk_pin  {rise@0.000ns fall@5.000ns period=10.000ns})
  Destination:            count_reg[1]/CE
                            (falling edge-triggered cell FDCE clocked by sys_clk_pin  {rise@0.000ns fall@5.000ns period=10.000ns})
  Path Group:             sys_clk_pin
  Path Type:              Hold (Min at Fast Process Corner)
  Requirement:            -5.000ns  (sys_clk_pin fall@5.000ns - sys_clk_pin rise@10.000ns)
  Data Path Delay:        0.282ns  (logic 0.148ns (52.572%)  route 0.134ns (47.428%))
  Logic Levels:           0  
  Clock Path Skew:        0.013ns (DCD - SCD - CPR)
    Destination Clock Delay (DCD):    1.984ns = ( 6.984 - 5.000 ) 
    Source Clock Delay      (SCD):    1.471ns = ( 11.471 - 10.000 ) 
    Clock Pessimism Removal (CPR):    0.500ns
  Clock Uncertainty:      0.035ns  ((TSJ^2 + TIJ^2)^1/2 + DJ) / 2 + PE
    Total System Jitter     (TSJ):    0.071ns
    Total Input Jitter      (TIJ):    0.000ns
    Discrete Jitter          (DJ):    0.000ns
    Phase Error              (PE):    0.000ns

    Location             Delay type                Incr(ns)  Path(ns)    Netlist Resource(s)
  -------------------------------------------------------------------    -------------------
                         (clock sys_clk_pin rise edge)
                                                     10.000    10.000 r  
    W5                                                0.000    10.000 r  clk (IN)
                         net (fo=0)                   0.000    10.000    clk
    W5                   IBUF (Prop_ibuf_I_O)         0.226    10.226 r  clk_IBUF_inst/O
                         net (fo=1, routed)           0.631    10.858    clk_IBUF
    BUFGCTRL_X0Y0        BUFG (Prop_bufg_I_O)         0.026    10.884 r  clk_IBUF_BUFG_inst/O
                         net (fo=7, routed)           0.588    11.471    clk_IBUF_BUFG
    SLICE_X64Y18         FDCE                                         r  FSM_onehot_c_state_reg[2]/C
  -------------------------------------------------------------------    -------------------
    SLICE_X64Y18         FDCE (Prop_fdce_C_Q)         0.148    11.619 r  FSM_onehot_c_state_reg[2]/Q
                         net (fo=5, routed)           0.134    11.753    cnt_enable
    SLICE_X65Y18         FDCE                                         r  count_reg[1]/CE
  -------------------------------------------------------------------    -------------------

                         (clock sys_clk_pin fall edge)
                                                      5.000     5.000 f  
    W5                                                0.000     5.000 f  clk (IN)
                         net (fo=0)                   0.000     5.000    clk
    W5                   IBUF (Prop_ibuf_I_O)         0.414     5.414 f  clk_IBUF_inst/O
                         net (fo=1, routed)           0.685     6.099    clk_IBUF
    BUFGCTRL_X0Y0        BUFG (Prop_bufg_I_O)         0.029     6.128 f  clk_IBUF_BUFG_inst/O
                         net (fo=7, routed)           0.857     6.984    clk_IBUF_BUFG
    SLICE_X65Y18         FDCE                                         r  count_reg[1]/C  (IS_INVERTED)
                         clock pessimism             -0.500     6.484    
                         clock uncertainty            0.035     6.519    
    SLICE_X65Y18         FDCE (Hold_fdce_C_CE)       -0.085     6.434    count_reg[1]
  -------------------------------------------------------------------
                         required time                         -6.434    
                         arrival time                          11.753    
  -------------------------------------------------------------------
                         slack                                  5.318    

Slack (MET) :             5.318ns  (arrival time - required time)
  Source:                 FSM_onehot_c_state_reg[2]/C
                            (rising edge-triggered cell FDCE clocked by sys_clk_pin  {rise@0.000ns fall@5.000ns period=10.000ns})
  Destination:            count_reg[2]/CE
                            (falling edge-triggered cell FDCE clocked by sys_clk_pin  {rise@0.000ns fall@5.000ns period=10.000ns})
  Path Group:             sys_clk_pin
  Path Type:              Hold (Min at Fast Process Corner)
  Requirement:            -5.000ns  (sys_clk_pin fall@5.000ns - sys_clk_pin rise@10.000ns)
  Data Path Delay:        0.282ns  (logic 0.148ns (52.572%)  route 0.134ns (47.428%))
  Logic Levels:           0  
  Clock Path Skew:        0.013ns (DCD - SCD - CPR)
    Destination Clock Delay (DCD):    1.984ns = ( 6.984 - 5.000 ) 
    Source Clock Delay      (SCD):    1.471ns = ( 11.471 - 10.000 ) 
    Clock Pessimism Removal (CPR):    0.500ns
  Clock Uncertainty:      0.035ns  ((TSJ^2 + TIJ^2)^1/2 + DJ) / 2 + PE
    Total System Jitter     (TSJ):    0.071ns
    Total Input Jitter      (TIJ):    0.000ns
    Discrete Jitter          (DJ):    0.000ns
    Phase Error              (PE):    0.000ns

    Location             Delay type                Incr(ns)  Path(ns)    Netlist Resource(s)
  -------------------------------------------------------------------    -------------------
                         (clock sys_clk_pin rise edge)
                                                     10.000    10.000 r  
    W5                                                0.000    10.000 r  clk (IN)
                         net (fo=0)                   0.000    10.000    clk
    W5                   IBUF (Prop_ibuf_I_O)         0.226    10.226 r  clk_IBUF_inst/O
                         net (fo=1, routed)           0.631    10.858    clk_IBUF
    BUFGCTRL_X0Y0        BUFG (Prop_bufg_I_O)         0.026    10.884 r  clk_IBUF_BUFG_inst/O
                         net (fo=7, routed)           0.588    11.471    clk_IBUF_BUFG
    SLICE_X64Y18         FDCE                                         r  FSM_onehot_c_state_reg[2]/C
  -------------------------------------------------------------------    -------------------
    SLICE_X64Y18         FDCE (Prop_fdce_C_Q)         0.148    11.619 r  FSM_onehot_c_state_reg[2]/Q
                         net (fo=5, routed)           0.134    11.753    cnt_enable
    SLICE_X65Y18         FDCE                                         r  count_reg[2]/CE
  -------------------------------------------------------------------    -------------------

                         (clock sys_clk_pin fall edge)
                                                      5.000     5.000 f  
    W5                                                0.000     5.000 f  clk (IN)
                         net (fo=0)                   0.000     5.000    clk
    W5                   IBUF (Prop_ibuf_I_O)         0.414     5.414 f  clk_IBUF_inst/O
                         net (fo=1, routed)           0.685     6.099    clk_IBUF
    BUFGCTRL_X0Y0        BUFG (Prop_bufg_I_O)         0.029     6.128 f  clk_IBUF_BUFG_inst/O
                         net (fo=7, routed)           0.857     6.984    clk_IBUF_BUFG
    SLICE_X65Y18         FDCE                                         r  count_reg[2]/C  (IS_INVERTED)
                         clock pessimism             -0.500     6.484    
                         clock uncertainty            0.035     6.519    
    SLICE_X65Y18         FDCE (Hold_fdce_C_CE)       -0.085     6.434    count_reg[2]
  -------------------------------------------------------------------
                         required time                         -6.434    
                         arrival time                          11.753    
  -------------------------------------------------------------------
                         slack                                  5.318    





Pulse Width Checks
--------------------------------------------------------------------------------------
Clock Name:         sys_clk_pin
Waveform(ns):       { 0.000 5.000 }
Period(ns):         10.000
Sources:            { clk }

Check Type        Corner  Lib Pin  Reference Pin  Required(ns)  Actual(ns)  Slack(ns)  Location       Pin
Min Period        n/a     BUFG/I   n/a            2.155         10.000      7.845      BUFGCTRL_X0Y0  clk_IBUF_BUFG_inst/I
Min Period        n/a     FDPE/C   n/a            1.000         10.000      9.000      SLICE_X64Y18   FSM_onehot_c_state_reg[0]/C
Min Period        n/a     FDCE/C   n/a            1.000         10.000      9.000      SLICE_X64Y18   FSM_onehot_c_state_reg[1]/C
Min Period        n/a     FDCE/C   n/a            1.000         10.000      9.000      SLICE_X64Y18   FSM_onehot_c_state_reg[2]/C
Min Period        n/a     FDCE/C   n/a            1.000         10.000      9.000      SLICE_X65Y18   count_reg[0]/C
Min Period        n/a     FDCE/C   n/a            1.000         10.000      9.000      SLICE_X65Y18   count_reg[1]/C
Min Period        n/a     FDCE/C   n/a            1.000         10.000      9.000      SLICE_X65Y18   count_reg[2]/C
Min Period        n/a     FDCE/C   n/a            1.000         10.000      9.000      SLICE_X65Y18   count_reg[3]/C
Low Pulse Width   Slow    FDPE/C   n/a            0.500         5.000       4.500      SLICE_X64Y18   FSM_onehot_c_state_reg[0]/C
Low Pulse Width   Fast    FDPE/C   n/a            0.500         5.000       4.500      SLICE_X64Y18   FSM_onehot_c_state_reg[0]/C
Low Pulse Width   Slow    FDCE/C   n/a            0.500         5.000       4.500      SLICE_X64Y18   FSM_onehot_c_state_reg[1]/C
Low Pulse Width   Fast    FDCE/C   n/a            0.500         5.000       4.500      SLICE_X64Y18   FSM_onehot_c_state_reg[1]/C
Low Pulse Width   Slow    FDCE/C   n/a            0.500         5.000       4.500      SLICE_X64Y18   FSM_onehot_c_state_reg[2]/C
Low Pulse Width   Fast    FDCE/C   n/a            0.500         5.000       4.500      SLICE_X64Y18   FSM_onehot_c_state_reg[2]/C
Low Pulse Width   Slow    FDCE/C   n/a            0.500         5.000       4.500      SLICE_X65Y18   count_reg[0]/C
Low Pulse Width   Fast    FDCE/C   n/a            0.500         5.000       4.500      SLICE_X65Y18   count_reg[0]/C
Low Pulse Width   Slow    FDCE/C   n/a            0.500         5.000       4.500      SLICE_X65Y18   count_reg[1]/C
Low Pulse Width   Fast    FDCE/C   n/a            0.500         5.000       4.500      SLICE_X65Y18   count_reg[1]/C
High Pulse Width  Slow    FDPE/C   n/a            0.500         5.000       4.500      SLICE_X64Y18   FSM_onehot_c_state_reg[0]/C
High Pulse Width  Fast    FDPE/C   n/a            0.500         5.000       4.500      SLICE_X64Y18   FSM_onehot_c_state_reg[0]/C
High Pulse Width  Slow    FDCE/C   n/a            0.500         5.000       4.500      SLICE_X64Y18   FSM_onehot_c_state_reg[1]/C
High Pulse Width  Fast    FDCE/C   n/a            0.500         5.000       4.500      SLICE_X64Y18   FSM_onehot_c_state_reg[1]/C
High Pulse Width  Slow    FDCE/C   n/a            0.500         5.000       4.500      SLICE_X64Y18   FSM_onehot_c_state_reg[2]/C
High Pulse Width  Fast    FDCE/C   n/a            0.500         5.000       4.500      SLICE_X64Y18   FSM_onehot_c_state_reg[2]/C
High Pulse Width  Slow    FDCE/C   n/a            0.500         5.000       4.500      SLICE_X65Y18   count_reg[0]/C
High Pulse Width  Fast    FDCE/C   n/a            0.500         5.000       4.500      SLICE_X65Y18   count_reg[0]/C
High Pulse Width  Slow    FDCE/C   n/a            0.500         5.000       4.500      SLICE_X65Y18   count_reg[1]/C
High Pulse Width  Fast    FDCE/C   n/a            0.500         5.000       4.500      SLICE_X65Y18   count_reg[1]/C



--------------------------------------------------------------------------------------
Path Group:  (none)
From Clock:  sys_clk_pin
  To Clock:  

Max Delay             7 Endpoints
Min Delay             7 Endpoints
--------------------------------------------------------------------------------------


Max Delay Paths
--------------------------------------------------------------------------------------
Slack:                    inf
  Source:                 count_reg[3]/C
                            (falling edge-triggered cell FDCE clocked by sys_clk_pin  {rise@0.000ns fall@5.000ns period=10.000ns})
  Destination:            SSG_D[0]
                            (output port)
  Path Group:             (none)
  Path Type:              Max at Slow Process Corner
  Data Path Delay:        7.232ns  (logic 4.466ns (61.747%)  route 2.767ns (38.253%))
  Logic Levels:           2  (LUT4=1 OBUF=1)
  Clock Uncertainty:      0.025ns  ((TSJ^2 + TIJ^2)^1/2 + DJ) / 2 + PE
    Total System Jitter     (TSJ):    0.050ns
    Total Input Jitter      (TIJ):    0.000ns
    Discrete Jitter          (DJ):    0.000ns
    Phase Error              (PE):    0.000ns

    Location             Delay type                Incr(ns)  Path(ns)    Netlist Resource(s)
  -------------------------------------------------------------------    -------------------
                         (clock sys_clk_pin fall edge)
                                                      5.000     5.000 f  
    W5                                                0.000     5.000 f  clk (IN)
                         net (fo=0)                   0.000     5.000    clk
    W5                   IBUF (Prop_ibuf_I_O)         1.458     6.458 f  clk_IBUF_inst/O
                         net (fo=1, routed)           1.967     8.425    clk_IBUF
    BUFGCTRL_X0Y0        BUFG (Prop_bufg_I_O)         0.096     8.521 f  clk_IBUF_BUFG_inst/O
                         net (fo=7, routed)           1.627    10.148    clk_IBUF_BUFG
    SLICE_X65Y18         FDCE                                         r  count_reg[3]/C  (IS_INVERTED)
  -------------------------------------------------------------------    -------------------
    SLICE_X65Y18         FDCE (Prop_fdce_C_Q)         0.422    10.570 r  count_reg[3]/Q
                         net (fo=9, routed)           0.902    11.472    count[3]
    SLICE_X64Y18         LUT4 (Prop_lut4_I0_O)        0.326    11.798 r  SSG_D_OBUF[0]_inst_i_1/O
                         net (fo=1, routed)           1.865    13.663    SSG_D_OBUF[0]
    W7                   OBUF (Prop_obuf_I_O)         3.718    17.381 r  SSG_D_OBUF[0]_inst/O
                         net (fo=0)                   0.000    17.381    SSG_D[0]
    W7                                                                r  SSG_D[0] (OUT)
  -------------------------------------------------------------------    -------------------

Slack:                    inf
  Source:                 count_reg[1]/C
                            (falling edge-triggered cell FDCE clocked by sys_clk_pin  {rise@0.000ns fall@5.000ns period=10.000ns})
  Destination:            SSG_D[6]
                            (output port)
  Path Group:             (none)
  Path Type:              Max at Slow Process Corner
  Data Path Delay:        7.114ns  (logic 4.350ns (61.155%)  route 2.763ns (38.845%))
  Logic Levels:           2  (LUT4=1 OBUF=1)
  Clock Uncertainty:      0.025ns  ((TSJ^2 + TIJ^2)^1/2 + DJ) / 2 + PE
    Total System Jitter     (TSJ):    0.050ns
    Total Input Jitter      (TIJ):    0.000ns
    Discrete Jitter          (DJ):    0.000ns
    Phase Error              (PE):    0.000ns

    Location             Delay type                Incr(ns)  Path(ns)    Netlist Resource(s)
  -------------------------------------------------------------------    -------------------
                         (clock sys_clk_pin fall edge)
                                                      5.000     5.000 f  
    W5                                                0.000     5.000 f  clk (IN)
                         net (fo=0)                   0.000     5.000    clk
    W5                   IBUF (Prop_ibuf_I_O)         1.458     6.458 f  clk_IBUF_inst/O
                         net (fo=1, routed)           1.967     8.425    clk_IBUF
    BUFGCTRL_X0Y0        BUFG (Prop_bufg_I_O)         0.096     8.521 f  clk_IBUF_BUFG_inst/O
                         net (fo=7, routed)           1.627    10.148    clk_IBUF_BUFG
    SLICE_X65Y18         FDCE                                         r  count_reg[1]/C  (IS_INVERTED)
  -------------------------------------------------------------------    -------------------
    SLICE_X65Y18         FDCE (Prop_fdce_C_Q)         0.459    10.607 r  count_reg[1]/Q
                         net (fo=10, routed)          0.901    11.508    count[1]
    SLICE_X65Y18         LUT4 (Prop_lut4_I3_O)        0.152    11.660 r  SSG_D_OBUF[6]_inst_i_1/O
                         net (fo=1, routed)           1.862    13.523    SSG_D_OBUF[6]
    U7                   OBUF (Prop_obuf_I_O)         3.739    17.262 r  SSG_D_OBUF[6]_inst/O
                         net (fo=0)                   0.000    17.262    SSG_D[6]
    U7                                                                r  SSG_D[6] (OUT)
  -------------------------------------------------------------------    -------------------

Slack:                    inf
  Source:                 count_reg[3]/C
                            (falling edge-triggered cell FDCE clocked by sys_clk_pin  {rise@0.000ns fall@5.000ns period=10.000ns})
  Destination:            SSG_D[4]
                            (output port)
  Path Group:             (none)
  Path Type:              Max at Slow Process Corner
  Data Path Delay:        7.082ns  (logic 4.503ns (63.582%)  route 2.579ns (36.418%))
  Logic Levels:           2  (LUT4=1 OBUF=1)
  Clock Uncertainty:      0.025ns  ((TSJ^2 + TIJ^2)^1/2 + DJ) / 2 + PE
    Total System Jitter     (TSJ):    0.050ns
    Total Input Jitter      (TIJ):    0.000ns
    Discrete Jitter          (DJ):    0.000ns
    Phase Error              (PE):    0.000ns

    Location             Delay type                Incr(ns)  Path(ns)    Netlist Resource(s)
  -------------------------------------------------------------------    -------------------
                         (clock sys_clk_pin fall edge)
                                                      5.000     5.000 f  
    W5                                                0.000     5.000 f  clk (IN)
                         net (fo=0)                   0.000     5.000    clk
    W5                   IBUF (Prop_ibuf_I_O)         1.458     6.458 f  clk_IBUF_inst/O
                         net (fo=1, routed)           1.967     8.425    clk_IBUF
    BUFGCTRL_X0Y0        BUFG (Prop_bufg_I_O)         0.096     8.521 f  clk_IBUF_BUFG_inst/O
                         net (fo=7, routed)           1.627    10.148    clk_IBUF_BUFG
    SLICE_X65Y18         FDCE                                         r  count_reg[3]/C  (IS_INVERTED)
  -------------------------------------------------------------------    -------------------
    SLICE_X65Y18         FDCE (Prop_fdce_C_Q)         0.422    10.570 r  count_reg[3]/Q
                         net (fo=9, routed)           0.916    11.486    count[3]
    SLICE_X64Y18         LUT4 (Prop_lut4_I0_O)        0.330    11.816 r  SSG_D_OBUF[4]_inst_i_1/O
                         net (fo=1, routed)           1.664    13.479    SSG_D_OBUF[4]
    U5                   OBUF (Prop_obuf_I_O)         3.751    17.230 r  SSG_D_OBUF[4]_inst/O
                         net (fo=0)                   0.000    17.230    SSG_D[4]
    U5                                                                r  SSG_D[4] (OUT)
  -------------------------------------------------------------------    -------------------

Slack:                    inf
  Source:                 count_reg[1]/C
                            (falling edge-triggered cell FDCE clocked by sys_clk_pin  {rise@0.000ns fall@5.000ns period=10.000ns})
  Destination:            SSG_D[3]
                            (output port)
  Path Group:             (none)
  Path Type:              Max at Slow Process Corner
  Data Path Delay:        7.055ns  (logic 4.349ns (61.636%)  route 2.707ns (38.364%))
  Logic Levels:           2  (LUT4=1 OBUF=1)
  Clock Uncertainty:      0.025ns  ((TSJ^2 + TIJ^2)^1/2 + DJ) / 2 + PE
    Total System Jitter     (TSJ):    0.050ns
    Total Input Jitter      (TIJ):    0.000ns
    Discrete Jitter          (DJ):    0.000ns
    Phase Error              (PE):    0.000ns

    Location             Delay type                Incr(ns)  Path(ns)    Netlist Resource(s)
  -------------------------------------------------------------------    -------------------
                         (clock sys_clk_pin fall edge)
                                                      5.000     5.000 f  
    W5                                                0.000     5.000 f  clk (IN)
                         net (fo=0)                   0.000     5.000    clk
    W5                   IBUF (Prop_ibuf_I_O)         1.458     6.458 f  clk_IBUF_inst/O
                         net (fo=1, routed)           1.967     8.425    clk_IBUF
    BUFGCTRL_X0Y0        BUFG (Prop_bufg_I_O)         0.096     8.521 f  clk_IBUF_BUFG_inst/O
                         net (fo=7, routed)           1.627    10.148    clk_IBUF_BUFG
    SLICE_X65Y18         FDCE                                         r  count_reg[1]/C  (IS_INVERTED)
  -------------------------------------------------------------------    -------------------
    SLICE_X65Y18         FDCE (Prop_fdce_C_Q)         0.459    10.607 r  count_reg[1]/Q
                         net (fo=10, routed)          0.899    11.506    count[1]
    SLICE_X65Y18         LUT4 (Prop_lut4_I3_O)        0.152    11.658 r  SSG_D_OBUF[3]_inst_i_1/O
                         net (fo=1, routed)           1.808    13.466    SSG_D_OBUF[3]
    V8                   OBUF (Prop_obuf_I_O)         3.738    17.204 r  SSG_D_OBUF[3]_inst/O
                         net (fo=0)                   0.000    17.204    SSG_D[3]
    V8                                                                r  SSG_D[3] (OUT)
  -------------------------------------------------------------------    -------------------

Slack:                    inf
  Source:                 count_reg[1]/C
                            (falling edge-triggered cell FDCE clocked by sys_clk_pin  {rise@0.000ns fall@5.000ns period=10.000ns})
  Destination:            SSG_D[2]
                            (output port)
  Path Group:             (none)
  Path Type:              Max at Slow Process Corner
  Data Path Delay:        6.877ns  (logic 4.118ns (59.885%)  route 2.759ns (40.115%))
  Logic Levels:           2  (LUT4=1 OBUF=1)
  Clock Uncertainty:      0.025ns  ((TSJ^2 + TIJ^2)^1/2 + DJ) / 2 + PE
    Total System Jitter     (TSJ):    0.050ns
    Total Input Jitter      (TIJ):    0.000ns
    Discrete Jitter          (DJ):    0.000ns
    Phase Error              (PE):    0.000ns

    Location             Delay type                Incr(ns)  Path(ns)    Netlist Resource(s)
  -------------------------------------------------------------------    -------------------
                         (clock sys_clk_pin fall edge)
                                                      5.000     5.000 f  
    W5                                                0.000     5.000 f  clk (IN)
                         net (fo=0)                   0.000     5.000    clk
    W5                   IBUF (Prop_ibuf_I_O)         1.458     6.458 f  clk_IBUF_inst/O
                         net (fo=1, routed)           1.967     8.425    clk_IBUF
    BUFGCTRL_X0Y0        BUFG (Prop_bufg_I_O)         0.096     8.521 f  clk_IBUF_BUFG_inst/O
                         net (fo=7, routed)           1.627    10.148    clk_IBUF_BUFG
    SLICE_X65Y18         FDCE                                         r  count_reg[1]/C  (IS_INVERTED)
  -------------------------------------------------------------------    -------------------
    SLICE_X65Y18         FDCE (Prop_fdce_C_Q)         0.459    10.607 r  count_reg[1]/Q
                         net (fo=10, routed)          0.899    11.506    count[1]
    SLICE_X65Y18         LUT4 (Prop_lut4_I2_O)        0.124    11.630 r  SSG_D_OBUF[2]_inst_i_1/O
                         net (fo=1, routed)           1.859    13.490    SSG_D_OBUF[2]
    U8                   OBUF (Prop_obuf_I_O)         3.535    17.025 r  SSG_D_OBUF[2]_inst/O
                         net (fo=0)                   0.000    17.025    SSG_D[2]
    U8                                                                r  SSG_D[2] (OUT)
  -------------------------------------------------------------------    -------------------

Slack:                    inf
  Source:                 count_reg[3]/C
                            (falling edge-triggered cell FDCE clocked by sys_clk_pin  {rise@0.000ns fall@5.000ns period=10.000ns})
  Destination:            SSG_D[1]
                            (output port)
  Path Group:             (none)
  Path Type:              Max at Slow Process Corner
  Data Path Delay:        6.862ns  (logic 4.248ns (61.908%)  route 2.614ns (38.092%))
  Logic Levels:           2  (LUT4=1 OBUF=1)
  Clock Uncertainty:      0.025ns  ((TSJ^2 + TIJ^2)^1/2 + DJ) / 2 + PE
    Total System Jitter     (TSJ):    0.050ns
    Total Input Jitter      (TIJ):    0.000ns
    Discrete Jitter          (DJ):    0.000ns
    Phase Error              (PE):    0.000ns

    Location             Delay type                Incr(ns)  Path(ns)    Netlist Resource(s)
  -------------------------------------------------------------------    -------------------
                         (clock sys_clk_pin fall edge)
                                                      5.000     5.000 f  
    W5                                                0.000     5.000 f  clk (IN)
                         net (fo=0)                   0.000     5.000    clk
    W5                   IBUF (Prop_ibuf_I_O)         1.458     6.458 f  clk_IBUF_inst/O
                         net (fo=1, routed)           1.967     8.425    clk_IBUF
    BUFGCTRL_X0Y0        BUFG (Prop_bufg_I_O)         0.096     8.521 f  clk_IBUF_BUFG_inst/O
                         net (fo=7, routed)           1.627    10.148    clk_IBUF_BUFG
    SLICE_X65Y18         FDCE                                         r  count_reg[3]/C  (IS_INVERTED)
  -------------------------------------------------------------------    -------------------
    SLICE_X65Y18         FDCE (Prop_fdce_C_Q)         0.422    10.570 r  count_reg[3]/Q
                         net (fo=9, routed)           0.902    11.472    count[3]
    SLICE_X64Y18         LUT4 (Prop_lut4_I0_O)        0.297    11.769 r  SSG_D_OBUF[1]_inst_i_1/O
                         net (fo=1, routed)           1.712    13.481    SSG_D_OBUF[1]
    W6                   OBUF (Prop_obuf_I_O)         3.529    17.010 r  SSG_D_OBUF[1]_inst/O
                         net (fo=0)                   0.000    17.010    SSG_D[1]
    W6                                                                r  SSG_D[1] (OUT)
  -------------------------------------------------------------------    -------------------

Slack:                    inf
  Source:                 count_reg[1]/C
                            (falling edge-triggered cell FDCE clocked by sys_clk_pin  {rise@0.000ns fall@5.000ns period=10.000ns})
  Destination:            SSG_D[5]
                            (output port)
  Path Group:             (none)
  Path Type:              Max at Slow Process Corner
  Data Path Delay:        6.655ns  (logic 4.087ns (61.417%)  route 2.568ns (38.583%))
  Logic Levels:           2  (LUT4=1 OBUF=1)
  Clock Uncertainty:      0.025ns  ((TSJ^2 + TIJ^2)^1/2 + DJ) / 2 + PE
    Total System Jitter     (TSJ):    0.050ns
    Total Input Jitter      (TIJ):    0.000ns
    Discrete Jitter          (DJ):    0.000ns
    Phase Error              (PE):    0.000ns

    Location             Delay type                Incr(ns)  Path(ns)    Netlist Resource(s)
  -------------------------------------------------------------------    -------------------
                         (clock sys_clk_pin fall edge)
                                                      5.000     5.000 f  
    W5                                                0.000     5.000 f  clk (IN)
                         net (fo=0)                   0.000     5.000    clk
    W5                   IBUF (Prop_ibuf_I_O)         1.458     6.458 f  clk_IBUF_inst/O
                         net (fo=1, routed)           1.967     8.425    clk_IBUF
    BUFGCTRL_X0Y0        BUFG (Prop_bufg_I_O)         0.096     8.521 f  clk_IBUF_BUFG_inst/O
                         net (fo=7, routed)           1.627    10.148    clk_IBUF_BUFG
    SLICE_X65Y18         FDCE                                         r  count_reg[1]/C  (IS_INVERTED)
  -------------------------------------------------------------------    -------------------
    SLICE_X65Y18         FDCE (Prop_fdce_C_Q)         0.459    10.607 r  count_reg[1]/Q
                         net (fo=10, routed)          0.901    11.508    count[1]
    SLICE_X65Y18         LUT4 (Prop_lut4_I2_O)        0.124    11.632 r  SSG_D_OBUF[5]_inst_i_1/O
                         net (fo=1, routed)           1.667    13.299    SSG_D_OBUF[5]
    V5                   OBUF (Prop_obuf_I_O)         3.504    16.803 r  SSG_D_OBUF[5]_inst/O
                         net (fo=0)                   0.000    16.803    SSG_D[5]
    V5                                                                r  SSG_D[5] (OUT)
  -------------------------------------------------------------------    -------------------





Min Delay Paths
--------------------------------------------------------------------------------------
Slack:                    inf
  Source:                 count_reg[3]/C
                            (falling edge-triggered cell FDCE clocked by sys_clk_pin  {rise@0.000ns fall@5.000ns period=10.000ns})
  Destination:            SSG_D[5]
                            (output port)
  Path Group:             (none)
  Path Type:              Min at Fast Process Corner
  Data Path Delay:        1.900ns  (logic 1.437ns (75.621%)  route 0.463ns (24.379%))
  Logic Levels:           2  (LUT4=1 OBUF=1)
  Clock Uncertainty:      0.025ns  ((TSJ^2 + TIJ^2)^1/2 + DJ) / 2 + PE
    Total System Jitter     (TSJ):    0.050ns
    Total Input Jitter      (TIJ):    0.000ns
    Discrete Jitter          (DJ):    0.000ns
    Phase Error              (PE):    0.000ns

    Location             Delay type                Incr(ns)  Path(ns)    Netlist Resource(s)
  -------------------------------------------------------------------    -------------------
                         (clock sys_clk_pin fall edge)
                                                      5.000     5.000 f  
    W5                                                0.000     5.000 f  clk (IN)
                         net (fo=0)                   0.000     5.000    clk
    W5                   IBUF (Prop_ibuf_I_O)         0.226     5.226 f  clk_IBUF_inst/O
                         net (fo=1, routed)           0.631     5.858    clk_IBUF
    BUFGCTRL_X0Y0        BUFG (Prop_bufg_I_O)         0.026     5.884 f  clk_IBUF_BUFG_inst/O
                         net (fo=7, routed)           0.588     6.471    clk_IBUF_BUFG
    SLICE_X65Y18         FDCE                                         r  count_reg[3]/C  (IS_INVERTED)
  -------------------------------------------------------------------    -------------------
    SLICE_X65Y18         FDCE (Prop_fdce_C_Q)         0.133     6.604 r  count_reg[3]/Q
                         net (fo=9, routed)           0.129     6.733    count[3]
    SLICE_X65Y18         LUT4 (Prop_lut4_I0_O)        0.098     6.831 r  SSG_D_OBUF[5]_inst_i_1/O
                         net (fo=1, routed)           0.335     7.165    SSG_D_OBUF[5]
    V5                   OBUF (Prop_obuf_I_O)         1.206     8.371 r  SSG_D_OBUF[5]_inst/O
                         net (fo=0)                   0.000     8.371    SSG_D[5]
    V5                                                                r  SSG_D[5] (OUT)
  -------------------------------------------------------------------    -------------------

Slack:                    inf
  Source:                 count_reg[0]/C
                            (falling edge-triggered cell FDCE clocked by sys_clk_pin  {rise@0.000ns fall@5.000ns period=10.000ns})
  Destination:            SSG_D[1]
                            (output port)
  Path Group:             (none)
  Path Type:              Min at Fast Process Corner
  Data Path Delay:        1.913ns  (logic 1.421ns (74.286%)  route 0.492ns (25.714%))
  Logic Levels:           2  (LUT4=1 OBUF=1)
  Clock Uncertainty:      0.025ns  ((TSJ^2 + TIJ^2)^1/2 + DJ) / 2 + PE
    Total System Jitter     (TSJ):    0.050ns
    Total Input Jitter      (TIJ):    0.000ns
    Discrete Jitter          (DJ):    0.000ns
    Phase Error              (PE):    0.000ns

    Location             Delay type                Incr(ns)  Path(ns)    Netlist Resource(s)
  -------------------------------------------------------------------    -------------------
                         (clock sys_clk_pin fall edge)
                                                      5.000     5.000 f  
    W5                                                0.000     5.000 f  clk (IN)
                         net (fo=0)                   0.000     5.000    clk
    W5                   IBUF (Prop_ibuf_I_O)         0.226     5.226 f  clk_IBUF_inst/O
                         net (fo=1, routed)           0.631     5.858    clk_IBUF
    BUFGCTRL_X0Y0        BUFG (Prop_bufg_I_O)         0.026     5.884 f  clk_IBUF_BUFG_inst/O
                         net (fo=7, routed)           0.588     6.471    clk_IBUF_BUFG
    SLICE_X65Y18         FDCE                                         r  count_reg[0]/C  (IS_INVERTED)
  -------------------------------------------------------------------    -------------------
    SLICE_X65Y18         FDCE (Prop_fdce_C_Q)         0.146     6.617 r  count_reg[0]/Q
                         net (fo=11, routed)          0.135     6.752    count[0]
    SLICE_X64Y18         LUT4 (Prop_lut4_I3_O)        0.045     6.797 r  SSG_D_OBUF[1]_inst_i_1/O
                         net (fo=1, routed)           0.357     7.154    SSG_D_OBUF[1]
    W6                   OBUF (Prop_obuf_I_O)         1.230     8.384 r  SSG_D_OBUF[1]_inst/O
                         net (fo=0)                   0.000     8.384    SSG_D[1]
    W6                                                                r  SSG_D[1] (OUT)
  -------------------------------------------------------------------    -------------------

Slack:                    inf
  Source:                 count_reg[0]/C
                            (falling edge-triggered cell FDCE clocked by sys_clk_pin  {rise@0.000ns fall@5.000ns period=10.000ns})
  Destination:            SSG_D[4]
                            (output port)
  Path Group:             (none)
  Path Type:              Min at Fast Process Corner
  Data Path Delay:        1.946ns  (logic 1.490ns (76.558%)  route 0.456ns (23.442%))
  Logic Levels:           2  (LUT4=1 OBUF=1)
  Clock Uncertainty:      0.025ns  ((TSJ^2 + TIJ^2)^1/2 + DJ) / 2 + PE
    Total System Jitter     (TSJ):    0.050ns
    Total Input Jitter      (TIJ):    0.000ns
    Discrete Jitter          (DJ):    0.000ns
    Phase Error              (PE):    0.000ns

    Location             Delay type                Incr(ns)  Path(ns)    Netlist Resource(s)
  -------------------------------------------------------------------    -------------------
                         (clock sys_clk_pin fall edge)
                                                      5.000     5.000 f  
    W5                                                0.000     5.000 f  clk (IN)
                         net (fo=0)                   0.000     5.000    clk
    W5                   IBUF (Prop_ibuf_I_O)         0.226     5.226 f  clk_IBUF_inst/O
                         net (fo=1, routed)           0.631     5.858    clk_IBUF
    BUFGCTRL_X0Y0        BUFG (Prop_bufg_I_O)         0.026     5.884 f  clk_IBUF_BUFG_inst/O
                         net (fo=7, routed)           0.588     6.471    clk_IBUF_BUFG
    SLICE_X65Y18         FDCE                                         r  count_reg[0]/C  (IS_INVERTED)
  -------------------------------------------------------------------    -------------------
    SLICE_X65Y18         FDCE (Prop_fdce_C_Q)         0.146     6.617 r  count_reg[0]/Q
                         net (fo=11, routed)          0.126     6.743    count[0]
    SLICE_X64Y18         LUT4 (Prop_lut4_I3_O)        0.049     6.792 r  SSG_D_OBUF[4]_inst_i_1/O
                         net (fo=1, routed)           0.331     7.122    SSG_D_OBUF[4]
    U5                   OBUF (Prop_obuf_I_O)         1.295     8.417 r  SSG_D_OBUF[4]_inst/O
                         net (fo=0)                   0.000     8.417    SSG_D[4]
    U5                                                                r  SSG_D[4] (OUT)
  -------------------------------------------------------------------    -------------------

Slack:                    inf
  Source:                 count_reg[3]/C
                            (falling edge-triggered cell FDCE clocked by sys_clk_pin  {rise@0.000ns fall@5.000ns period=10.000ns})
  Destination:            SSG_D[2]
                            (output port)
  Path Group:             (none)
  Path Type:              Min at Fast Process Corner
  Data Path Delay:        2.007ns  (logic 1.467ns (73.094%)  route 0.540ns (26.906%))
  Logic Levels:           2  (LUT4=1 OBUF=1)
  Clock Uncertainty:      0.025ns  ((TSJ^2 + TIJ^2)^1/2 + DJ) / 2 + PE
    Total System Jitter     (TSJ):    0.050ns
    Total Input Jitter      (TIJ):    0.000ns
    Discrete Jitter          (DJ):    0.000ns
    Phase Error              (PE):    0.000ns

    Location             Delay type                Incr(ns)  Path(ns)    Netlist Resource(s)
  -------------------------------------------------------------------    -------------------
                         (clock sys_clk_pin fall edge)
                                                      5.000     5.000 f  
    W5                                                0.000     5.000 f  clk (IN)
                         net (fo=0)                   0.000     5.000    clk
    W5                   IBUF (Prop_ibuf_I_O)         0.226     5.226 f  clk_IBUF_inst/O
                         net (fo=1, routed)           0.631     5.858    clk_IBUF
    BUFGCTRL_X0Y0        BUFG (Prop_bufg_I_O)         0.026     5.884 f  clk_IBUF_BUFG_inst/O
                         net (fo=7, routed)           0.588     6.471    clk_IBUF_BUFG
    SLICE_X65Y18         FDCE                                         r  count_reg[3]/C  (IS_INVERTED)
  -------------------------------------------------------------------    -------------------
    SLICE_X65Y18         FDCE (Prop_fdce_C_Q)         0.133     6.604 r  count_reg[3]/Q
                         net (fo=9, routed)           0.128     6.732    count[3]
    SLICE_X65Y18         LUT4 (Prop_lut4_I0_O)        0.098     6.830 r  SSG_D_OBUF[2]_inst_i_1/O
                         net (fo=1, routed)           0.412     7.242    SSG_D_OBUF[2]
    U8                   OBUF (Prop_obuf_I_O)         1.236     8.478 r  SSG_D_OBUF[2]_inst/O
                         net (fo=0)                   0.000     8.478    SSG_D[2]
    U8                                                                r  SSG_D[2] (OUT)
  -------------------------------------------------------------------    -------------------

Slack:                    inf
  Source:                 count_reg[0]/C
                            (falling edge-triggered cell FDCE clocked by sys_clk_pin  {rise@0.000ns fall@5.000ns period=10.000ns})
  Destination:            SSG_D[0]
                            (output port)
  Path Group:             (none)
  Path Type:              Min at Fast Process Corner
  Data Path Delay:        2.028ns  (logic 1.475ns (72.706%)  route 0.554ns (27.294%))
  Logic Levels:           2  (LUT4=1 OBUF=1)
  Clock Uncertainty:      0.025ns  ((TSJ^2 + TIJ^2)^1/2 + DJ) / 2 + PE
    Total System Jitter     (TSJ):    0.050ns
    Total Input Jitter      (TIJ):    0.000ns
    Discrete Jitter          (DJ):    0.000ns
    Phase Error              (PE):    0.000ns

    Location             Delay type                Incr(ns)  Path(ns)    Netlist Resource(s)
  -------------------------------------------------------------------    -------------------
                         (clock sys_clk_pin fall edge)
                                                      5.000     5.000 f  
    W5                                                0.000     5.000 f  clk (IN)
                         net (fo=0)                   0.000     5.000    clk
    W5                   IBUF (Prop_ibuf_I_O)         0.226     5.226 f  clk_IBUF_inst/O
                         net (fo=1, routed)           0.631     5.858    clk_IBUF
    BUFGCTRL_X0Y0        BUFG (Prop_bufg_I_O)         0.026     5.884 f  clk_IBUF_BUFG_inst/O
                         net (fo=7, routed)           0.588     6.471    clk_IBUF_BUFG
    SLICE_X65Y18         FDCE                                         r  count_reg[0]/C  (IS_INVERTED)
  -------------------------------------------------------------------    -------------------
    SLICE_X65Y18         FDCE (Prop_fdce_C_Q)         0.146     6.617 r  count_reg[0]/Q
                         net (fo=11, routed)          0.135     6.752    count[0]
    SLICE_X64Y18         LUT4 (Prop_lut4_I2_O)        0.049     6.801 r  SSG_D_OBUF[0]_inst_i_1/O
                         net (fo=1, routed)           0.419     7.220    SSG_D_OBUF[0]
    W7                   OBUF (Prop_obuf_I_O)         1.280     8.500 r  SSG_D_OBUF[0]_inst/O
                         net (fo=0)                   0.000     8.500    SSG_D[0]
    W7                                                                r  SSG_D[0] (OUT)
  -------------------------------------------------------------------    -------------------

Slack:                    inf
  Source:                 count_reg[3]/C
                            (falling edge-triggered cell FDCE clocked by sys_clk_pin  {rise@0.000ns fall@5.000ns period=10.000ns})
  Destination:            SSG_D[3]
                            (output port)
  Path Group:             (none)
  Path Type:              Min at Fast Process Corner
  Data Path Delay:        2.059ns  (logic 1.532ns (74.443%)  route 0.526ns (25.557%))
  Logic Levels:           2  (LUT4=1 OBUF=1)
  Clock Uncertainty:      0.025ns  ((TSJ^2 + TIJ^2)^1/2 + DJ) / 2 + PE
    Total System Jitter     (TSJ):    0.050ns
    Total Input Jitter      (TIJ):    0.000ns
    Discrete Jitter          (DJ):    0.000ns
    Phase Error              (PE):    0.000ns

    Location             Delay type                Incr(ns)  Path(ns)    Netlist Resource(s)
  -------------------------------------------------------------------    -------------------
                         (clock sys_clk_pin fall edge)
                                                      5.000     5.000 f  
    W5                                                0.000     5.000 f  clk (IN)
                         net (fo=0)                   0.000     5.000    clk
    W5                   IBUF (Prop_ibuf_I_O)         0.226     5.226 f  clk_IBUF_inst/O
                         net (fo=1, routed)           0.631     5.858    clk_IBUF
    BUFGCTRL_X0Y0        BUFG (Prop_bufg_I_O)         0.026     5.884 f  clk_IBUF_BUFG_inst/O
                         net (fo=7, routed)           0.588     6.471    clk_IBUF_BUFG
    SLICE_X65Y18         FDCE                                         r  count_reg[3]/C  (IS_INVERTED)
  -------------------------------------------------------------------    -------------------
    SLICE_X65Y18         FDCE (Prop_fdce_C_Q)         0.133     6.604 r  count_reg[3]/Q
                         net (fo=9, routed)           0.128     6.732    count[3]
    SLICE_X65Y18         LUT4 (Prop_lut4_I0_O)        0.101     6.833 r  SSG_D_OBUF[3]_inst_i_1/O
                         net (fo=1, routed)           0.399     7.231    SSG_D_OBUF[3]
    V8                   OBUF (Prop_obuf_I_O)         1.298     8.530 r  SSG_D_OBUF[3]_inst/O
                         net (fo=0)                   0.000     8.530    SSG_D[3]
    V8                                                                r  SSG_D[3] (OUT)
  -------------------------------------------------------------------    -------------------

Slack:                    inf
  Source:                 count_reg[3]/C
                            (falling edge-triggered cell FDCE clocked by sys_clk_pin  {rise@0.000ns fall@5.000ns period=10.000ns})
  Destination:            SSG_D[6]
                            (output port)
  Path Group:             (none)
  Path Type:              Min at Fast Process Corner
  Data Path Delay:        2.086ns  (logic 1.534ns (73.550%)  route 0.552ns (26.450%))
  Logic Levels:           2  (LUT4=1 OBUF=1)
  Clock Uncertainty:      0.025ns  ((TSJ^2 + TIJ^2)^1/2 + DJ) / 2 + PE
    Total System Jitter     (TSJ):    0.050ns
    Total Input Jitter      (TIJ):    0.000ns
    Discrete Jitter          (DJ):    0.000ns
    Phase Error              (PE):    0.000ns

    Location             Delay type                Incr(ns)  Path(ns)    Netlist Resource(s)
  -------------------------------------------------------------------    -------------------
                         (clock sys_clk_pin fall edge)
                                                      5.000     5.000 f  
    W5                                                0.000     5.000 f  clk (IN)
                         net (fo=0)                   0.000     5.000    clk
    W5                   IBUF (Prop_ibuf_I_O)         0.226     5.226 f  clk_IBUF_inst/O
                         net (fo=1, routed)           0.631     5.858    clk_IBUF
    BUFGCTRL_X0Y0        BUFG (Prop_bufg_I_O)         0.026     5.884 f  clk_IBUF_BUFG_inst/O
                         net (fo=7, routed)           0.588     6.471    clk_IBUF_BUFG
    SLICE_X65Y18         FDCE                                         r  count_reg[3]/C  (IS_INVERTED)
  -------------------------------------------------------------------    -------------------
    SLICE_X65Y18         FDCE (Prop_fdce_C_Q)         0.133     6.604 r  count_reg[3]/Q
                         net (fo=9, routed)           0.129     6.733    count[3]
    SLICE_X65Y18         LUT4 (Prop_lut4_I0_O)        0.102     6.835 r  SSG_D_OBUF[6]_inst_i_1/O
                         net (fo=1, routed)           0.423     7.258    SSG_D_OBUF[6]
    U7                   OBUF (Prop_obuf_I_O)         1.299     8.557 r  SSG_D_OBUF[6]_inst/O
                         net (fo=0)                   0.000     8.557    SSG_D[6]
    U7                                                                r  SSG_D[6] (OUT)
  -------------------------------------------------------------------    -------------------





--------------------------------------------------------------------------------------
Path Group:  (none)
From Clock:  
  To Clock:  sys_clk_pin

Max Delay            10 Endpoints
Min Delay            10 Endpoints
--------------------------------------------------------------------------------------


Max Delay Paths
--------------------------------------------------------------------------------------
Slack:                    inf
  Source:                 countup
                            (input port)
  Destination:            FSM_onehot_c_state_reg[2]/D
                            (rising edge-triggered cell FDCE clocked by sys_clk_pin  {rise@0.000ns fall@5.000ns period=10.000ns})
  Path Group:             (none)
  Path Type:              Setup (Max at Slow Process Corner)
  Data Path Delay:        4.938ns  (logic 1.604ns (32.481%)  route 3.334ns (67.520%))
  Logic Levels:           2  (IBUF=1 LUT2=1)
  Clock Path Skew:        4.850ns (DCD - SCD + CPR)
    Destination Clock Delay (DCD):    4.850ns
    Source Clock Delay      (SCD):    0.000ns
    Clock Pessimism Removal (CPR):    0.000ns
  Clock Uncertainty:      0.025ns  ((TSJ^2 + TIJ^2)^1/2 + DJ) / 2 + PE
    Total System Jitter     (TSJ):    0.050ns
    Total Input Jitter      (TIJ):    0.000ns
    Discrete Jitter          (DJ):    0.000ns
    Phase Error              (PE):    0.000ns

    Location             Delay type                Incr(ns)  Path(ns)    Netlist Resource(s)
  -------------------------------------------------------------------    -------------------
    T18                                               0.000     0.000 f  countup (IN)
                         net (fo=0)                   0.000     0.000    countup
    T18                  IBUF (Prop_ibuf_I_O)         1.454     1.454 f  countup_IBUF_inst/O
                         net (fo=3, routed)           3.334     4.788    countup_IBUF
    SLICE_X64Y18         LUT2 (Prop_lut2_I1_O)        0.150     4.938 r  FSM_onehot_c_state[2]_i_1/O
                         net (fo=1, routed)           0.000     4.938    FSM_onehot_c_state[2]_i_1_n_0
    SLICE_X64Y18         FDCE                                         r  FSM_onehot_c_state_reg[2]/D
  -------------------------------------------------------------------    -------------------

                         (clock sys_clk_pin rise edge)
                                                      0.000     0.000 r  
    W5                                                0.000     0.000 r  clk (IN)
                         net (fo=0)                   0.000     0.000    clk
    W5                   IBUF (Prop_ibuf_I_O)         1.388     1.388 r  clk_IBUF_inst/O
                         net (fo=1, routed)           1.862     3.250    clk_IBUF
    BUFGCTRL_X0Y0        BUFG (Prop_bufg_I_O)         0.091     3.341 r  clk_IBUF_BUFG_inst/O
                         net (fo=7, routed)           1.509     4.850    clk_IBUF_BUFG
    SLICE_X64Y18         FDCE                                         r  FSM_onehot_c_state_reg[2]/C

Slack:                    inf
  Source:                 countup
                            (input port)
  Destination:            FSM_onehot_c_state_reg[1]/D
                            (rising edge-triggered cell FDCE clocked by sys_clk_pin  {rise@0.000ns fall@5.000ns period=10.000ns})
  Path Group:             (none)
  Path Type:              Setup (Max at Slow Process Corner)
  Data Path Delay:        4.912ns  (logic 1.578ns (32.123%)  route 3.334ns (67.877%))
  Logic Levels:           2  (IBUF=1 LUT3=1)
  Clock Path Skew:        4.850ns (DCD - SCD + CPR)
    Destination Clock Delay (DCD):    4.850ns
    Source Clock Delay      (SCD):    0.000ns
    Clock Pessimism Removal (CPR):    0.000ns
  Clock Uncertainty:      0.025ns  ((TSJ^2 + TIJ^2)^1/2 + DJ) / 2 + PE
    Total System Jitter     (TSJ):    0.050ns
    Total Input Jitter      (TIJ):    0.000ns
    Discrete Jitter          (DJ):    0.000ns
    Phase Error              (PE):    0.000ns

    Location             Delay type                Incr(ns)  Path(ns)    Netlist Resource(s)
  -------------------------------------------------------------------    -------------------
    T18                                               0.000     0.000 r  countup (IN)
                         net (fo=0)                   0.000     0.000    countup
    T18                  IBUF (Prop_ibuf_I_O)         1.454     1.454 r  countup_IBUF_inst/O
                         net (fo=3, routed)           3.334     4.788    countup_IBUF
    SLICE_X64Y18         LUT3 (Prop_lut3_I1_O)        0.124     4.912 r  FSM_onehot_c_state[1]_i_1/O
                         net (fo=1, routed)           0.000     4.912    FSM_onehot_c_state[1]_i_1_n_0
    SLICE_X64Y18         FDCE                                         r  FSM_onehot_c_state_reg[1]/D
  -------------------------------------------------------------------    -------------------

                         (clock sys_clk_pin rise edge)
                                                      0.000     0.000 r  
    W5                                                0.000     0.000 r  clk (IN)
                         net (fo=0)                   0.000     0.000    clk
    W5                   IBUF (Prop_ibuf_I_O)         1.388     1.388 r  clk_IBUF_inst/O
                         net (fo=1, routed)           1.862     3.250    clk_IBUF
    BUFGCTRL_X0Y0        BUFG (Prop_bufg_I_O)         0.091     3.341 r  clk_IBUF_BUFG_inst/O
                         net (fo=7, routed)           1.509     4.850    clk_IBUF_BUFG
    SLICE_X64Y18         FDCE                                         r  FSM_onehot_c_state_reg[1]/C

Slack:                    inf
  Source:                 countup
                            (input port)
  Destination:            FSM_onehot_c_state_reg[0]/D
                            (rising edge-triggered cell FDPE clocked by sys_clk_pin  {rise@0.000ns fall@5.000ns period=10.000ns})
  Path Group:             (none)
  Path Type:              Setup (Max at Slow Process Corner)
  Data Path Delay:        4.902ns  (logic 1.578ns (32.189%)  route 3.324ns (67.811%))
  Logic Levels:           2  (IBUF=1 LUT3=1)
  Clock Path Skew:        4.850ns (DCD - SCD + CPR)
    Destination Clock Delay (DCD):    4.850ns
    Source Clock Delay      (SCD):    0.000ns
    Clock Pessimism Removal (CPR):    0.000ns
  Clock Uncertainty:      0.025ns  ((TSJ^2 + TIJ^2)^1/2 + DJ) / 2 + PE
    Total System Jitter     (TSJ):    0.050ns
    Total Input Jitter      (TIJ):    0.000ns
    Discrete Jitter          (DJ):    0.000ns
    Phase Error              (PE):    0.000ns

    Location             Delay type                Incr(ns)  Path(ns)    Netlist Resource(s)
  -------------------------------------------------------------------    -------------------
    T18                                               0.000     0.000 f  countup (IN)
                         net (fo=0)                   0.000     0.000    countup
    T18                  IBUF (Prop_ibuf_I_O)         1.454     1.454 f  countup_IBUF_inst/O
                         net (fo=3, routed)           3.324     4.778    countup_IBUF
    SLICE_X64Y18         LUT3 (Prop_lut3_I1_O)        0.124     4.902 r  FSM_onehot_c_state[0]_i_1/O
                         net (fo=1, routed)           0.000     4.902    FSM_onehot_c_state[0]_i_1_n_0
    SLICE_X64Y18         FDPE                                         r  FSM_onehot_c_state_reg[0]/D
  -------------------------------------------------------------------    -------------------

                         (clock sys_clk_pin rise edge)
                                                      0.000     0.000 r  
    W5                                                0.000     0.000 r  clk (IN)
                         net (fo=0)                   0.000     0.000    clk
    W5                   IBUF (Prop_ibuf_I_O)         1.388     1.388 r  clk_IBUF_inst/O
                         net (fo=1, routed)           1.862     3.250    clk_IBUF
    BUFGCTRL_X0Y0        BUFG (Prop_bufg_I_O)         0.091     3.341 r  clk_IBUF_BUFG_inst/O
                         net (fo=7, routed)           1.509     4.850    clk_IBUF_BUFG
    SLICE_X64Y18         FDPE                                         r  FSM_onehot_c_state_reg[0]/C

Slack:                    inf
  Source:                 reset
                            (input port)
  Destination:            FSM_onehot_c_state_reg[0]/PRE
                            (recovery check against rising-edge clock sys_clk_pin  {rise@0.000ns fall@5.000ns period=10.000ns})
  Path Group:             (none)
  Path Type:              Recovery (Max at Slow Process Corner)
  Data Path Delay:        4.477ns  (logic 1.451ns (32.414%)  route 3.026ns (67.586%))
  Logic Levels:           1  (IBUF=1)
  Clock Path Skew:        4.850ns (DCD - SCD + CPR)
    Destination Clock Delay (DCD):    4.850ns
    Source Clock Delay      (SCD):    0.000ns
    Clock Pessimism Removal (CPR):    0.000ns
  Clock Uncertainty:      0.025ns  ((TSJ^2 + TIJ^2)^1/2 + DJ) / 2 + PE
    Total System Jitter     (TSJ):    0.050ns
    Total Input Jitter      (TIJ):    0.000ns
    Discrete Jitter          (DJ):    0.000ns
    Phase Error              (PE):    0.000ns

    Location             Delay type                Incr(ns)  Path(ns)    Netlist Resource(s)
  -------------------------------------------------------------------    -------------------
    T17                                               0.000     0.000 f  reset (IN)
                         net (fo=0)                   0.000     0.000    reset
    T17                  IBUF (Prop_ibuf_I_O)         1.451     1.451 f  reset_IBUF_inst/O
                         net (fo=7, routed)           3.026     4.477    reset_IBUF
    SLICE_X64Y18         FDPE                                         f  FSM_onehot_c_state_reg[0]/PRE
  -------------------------------------------------------------------    -------------------

                         (clock sys_clk_pin rise edge)
                                                      0.000     0.000 r  
    W5                                                0.000     0.000 r  clk (IN)
                         net (fo=0)                   0.000     0.000    clk
    W5                   IBUF (Prop_ibuf_I_O)         1.388     1.388 r  clk_IBUF_inst/O
                         net (fo=1, routed)           1.862     3.250    clk_IBUF
    BUFGCTRL_X0Y0        BUFG (Prop_bufg_I_O)         0.091     3.341 r  clk_IBUF_BUFG_inst/O
                         net (fo=7, routed)           1.509     4.850    clk_IBUF_BUFG
    SLICE_X64Y18         FDPE                                         r  FSM_onehot_c_state_reg[0]/C

Slack:                    inf
  Source:                 reset
                            (input port)
  Destination:            FSM_onehot_c_state_reg[1]/CLR
                            (recovery check against rising-edge clock sys_clk_pin  {rise@0.000ns fall@5.000ns period=10.000ns})
  Path Group:             (none)
  Path Type:              Recovery (Max at Slow Process Corner)
  Data Path Delay:        4.477ns  (logic 1.451ns (32.414%)  route 3.026ns (67.586%))
  Logic Levels:           1  (IBUF=1)
  Clock Path Skew:        4.850ns (DCD - SCD + CPR)
    Destination Clock Delay (DCD):    4.850ns
    Source Clock Delay      (SCD):    0.000ns
    Clock Pessimism Removal (CPR):    0.000ns
  Clock Uncertainty:      0.025ns  ((TSJ^2 + TIJ^2)^1/2 + DJ) / 2 + PE
    Total System Jitter     (TSJ):    0.050ns
    Total Input Jitter      (TIJ):    0.000ns
    Discrete Jitter          (DJ):    0.000ns
    Phase Error              (PE):    0.000ns

    Location             Delay type                Incr(ns)  Path(ns)    Netlist Resource(s)
  -------------------------------------------------------------------    -------------------
    T17                                               0.000     0.000 f  reset (IN)
                         net (fo=0)                   0.000     0.000    reset
    T17                  IBUF (Prop_ibuf_I_O)         1.451     1.451 f  reset_IBUF_inst/O
                         net (fo=7, routed)           3.026     4.477    reset_IBUF
    SLICE_X64Y18         FDCE                                         f  FSM_onehot_c_state_reg[1]/CLR
  -------------------------------------------------------------------    -------------------

                         (clock sys_clk_pin rise edge)
                                                      0.000     0.000 r  
    W5                                                0.000     0.000 r  clk (IN)
                         net (fo=0)                   0.000     0.000    clk
    W5                   IBUF (Prop_ibuf_I_O)         1.388     1.388 r  clk_IBUF_inst/O
                         net (fo=1, routed)           1.862     3.250    clk_IBUF
    BUFGCTRL_X0Y0        BUFG (Prop_bufg_I_O)         0.091     3.341 r  clk_IBUF_BUFG_inst/O
                         net (fo=7, routed)           1.509     4.850    clk_IBUF_BUFG
    SLICE_X64Y18         FDCE                                         r  FSM_onehot_c_state_reg[1]/C

Slack:                    inf
  Source:                 reset
                            (input port)
  Destination:            FSM_onehot_c_state_reg[2]/CLR
                            (recovery check against rising-edge clock sys_clk_pin  {rise@0.000ns fall@5.000ns period=10.000ns})
  Path Group:             (none)
  Path Type:              Recovery (Max at Slow Process Corner)
  Data Path Delay:        4.477ns  (logic 1.451ns (32.414%)  route 3.026ns (67.586%))
  Logic Levels:           1  (IBUF=1)
  Clock Path Skew:        4.850ns (DCD - SCD + CPR)
    Destination Clock Delay (DCD):    4.850ns
    Source Clock Delay      (SCD):    0.000ns
    Clock Pessimism Removal (CPR):    0.000ns
  Clock Uncertainty:      0.025ns  ((TSJ^2 + TIJ^2)^1/2 + DJ) / 2 + PE
    Total System Jitter     (TSJ):    0.050ns
    Total Input Jitter      (TIJ):    0.000ns
    Discrete Jitter          (DJ):    0.000ns
    Phase Error              (PE):    0.000ns

    Location             Delay type                Incr(ns)  Path(ns)    Netlist Resource(s)
  -------------------------------------------------------------------    -------------------
    T17                                               0.000     0.000 f  reset (IN)
                         net (fo=0)                   0.000     0.000    reset
    T17                  IBUF (Prop_ibuf_I_O)         1.451     1.451 f  reset_IBUF_inst/O
                         net (fo=7, routed)           3.026     4.477    reset_IBUF
    SLICE_X64Y18         FDCE                                         f  FSM_onehot_c_state_reg[2]/CLR
  -------------------------------------------------------------------    -------------------

                         (clock sys_clk_pin rise edge)
                                                      0.000     0.000 r  
    W5                                                0.000     0.000 r  clk (IN)
                         net (fo=0)                   0.000     0.000    clk
    W5                   IBUF (Prop_ibuf_I_O)         1.388     1.388 r  clk_IBUF_inst/O
                         net (fo=1, routed)           1.862     3.250    clk_IBUF
    BUFGCTRL_X0Y0        BUFG (Prop_bufg_I_O)         0.091     3.341 r  clk_IBUF_BUFG_inst/O
                         net (fo=7, routed)           1.509     4.850    clk_IBUF_BUFG
    SLICE_X64Y18         FDCE                                         r  FSM_onehot_c_state_reg[2]/C

Slack:                    inf
  Source:                 reset
                            (input port)
  Destination:            count_reg[0]/CLR
                            (recovery check against rising-edge clock sys_clk_pin  {rise@0.000ns fall@5.000ns period=10.000ns})
  Path Group:             (none)
  Path Type:              Recovery (Max at Slow Process Corner)
  Data Path Delay:        4.477ns  (logic 1.451ns (32.414%)  route 3.026ns (67.586%))
  Logic Levels:           1  (IBUF=1)
  Clock Path Skew:        4.850ns (DCD - SCD + CPR)
    Destination Clock Delay (DCD):    4.850ns = ( 9.850 - 5.000 ) 
    Source Clock Delay      (SCD):    0.000ns
    Clock Pessimism Removal (CPR):    0.000ns
  Clock Uncertainty:      0.025ns  ((TSJ^2 + TIJ^2)^1/2 + DJ) / 2 + PE
    Total System Jitter     (TSJ):    0.050ns
    Total Input Jitter      (TIJ):    0.000ns
    Discrete Jitter          (DJ):    0.000ns
    Phase Error              (PE):    0.000ns

    Location             Delay type                Incr(ns)  Path(ns)    Netlist Resource(s)
  -------------------------------------------------------------------    -------------------
    T17                                               0.000     0.000 f  reset (IN)
                         net (fo=0)                   0.000     0.000    reset
    T17                  IBUF (Prop_ibuf_I_O)         1.451     1.451 f  reset_IBUF_inst/O
                         net (fo=7, routed)           3.026     4.477    reset_IBUF
    SLICE_X65Y18         FDCE                                         f  count_reg[0]/CLR
  -------------------------------------------------------------------    -------------------

                         (clock sys_clk_pin fall edge)
                                                      5.000     5.000 f  
    W5                                                0.000     5.000 f  clk (IN)
                         net (fo=0)                   0.000     5.000    clk
    W5                   IBUF (Prop_ibuf_I_O)         1.388     6.388 f  clk_IBUF_inst/O
                         net (fo=1, routed)           1.862     8.250    clk_IBUF
    BUFGCTRL_X0Y0        BUFG (Prop_bufg_I_O)         0.091     8.341 f  clk_IBUF_BUFG_inst/O
                         net (fo=7, routed)           1.509     9.850    clk_IBUF_BUFG
    SLICE_X65Y18         FDCE                                         r  count_reg[0]/C  (IS_INVERTED)

Slack:                    inf
  Source:                 reset
                            (input port)
  Destination:            count_reg[1]/CLR
                            (recovery check against rising-edge clock sys_clk_pin  {rise@0.000ns fall@5.000ns period=10.000ns})
  Path Group:             (none)
  Path Type:              Recovery (Max at Slow Process Corner)
  Data Path Delay:        4.477ns  (logic 1.451ns (32.414%)  route 3.026ns (67.586%))
  Logic Levels:           1  (IBUF=1)
  Clock Path Skew:        4.850ns (DCD - SCD + CPR)
    Destination Clock Delay (DCD):    4.850ns = ( 9.850 - 5.000 ) 
    Source Clock Delay      (SCD):    0.000ns
    Clock Pessimism Removal (CPR):    0.000ns
  Clock Uncertainty:      0.025ns  ((TSJ^2 + TIJ^2)^1/2 + DJ) / 2 + PE
    Total System Jitter     (TSJ):    0.050ns
    Total Input Jitter      (TIJ):    0.000ns
    Discrete Jitter          (DJ):    0.000ns
    Phase Error              (PE):    0.000ns

    Location             Delay type                Incr(ns)  Path(ns)    Netlist Resource(s)
  -------------------------------------------------------------------    -------------------
    T17                                               0.000     0.000 f  reset (IN)
                         net (fo=0)                   0.000     0.000    reset
    T17                  IBUF (Prop_ibuf_I_O)         1.451     1.451 f  reset_IBUF_inst/O
                         net (fo=7, routed)           3.026     4.477    reset_IBUF
    SLICE_X65Y18         FDCE                                         f  count_reg[1]/CLR
  -------------------------------------------------------------------    -------------------

                         (clock sys_clk_pin fall edge)
                                                      5.000     5.000 f  
    W5                                                0.000     5.000 f  clk (IN)
                         net (fo=0)                   0.000     5.000    clk
    W5                   IBUF (Prop_ibuf_I_O)         1.388     6.388 f  clk_IBUF_inst/O
                         net (fo=1, routed)           1.862     8.250    clk_IBUF
    BUFGCTRL_X0Y0        BUFG (Prop_bufg_I_O)         0.091     8.341 f  clk_IBUF_BUFG_inst/O
                         net (fo=7, routed)           1.509     9.850    clk_IBUF_BUFG
    SLICE_X65Y18         FDCE                                         r  count_reg[1]/C  (IS_INVERTED)

Slack:                    inf
  Source:                 reset
                            (input port)
  Destination:            count_reg[2]/CLR
                            (recovery check against rising-edge clock sys_clk_pin  {rise@0.000ns fall@5.000ns period=10.000ns})
  Path Group:             (none)
  Path Type:              Recovery (Max at Slow Process Corner)
  Data Path Delay:        4.477ns  (logic 1.451ns (32.414%)  route 3.026ns (67.586%))
  Logic Levels:           1  (IBUF=1)
  Clock Path Skew:        4.850ns (DCD - SCD + CPR)
    Destination Clock Delay (DCD):    4.850ns = ( 9.850 - 5.000 ) 
    Source Clock Delay      (SCD):    0.000ns
    Clock Pessimism Removal (CPR):    0.000ns
  Clock Uncertainty:      0.025ns  ((TSJ^2 + TIJ^2)^1/2 + DJ) / 2 + PE
    Total System Jitter     (TSJ):    0.050ns
    Total Input Jitter      (TIJ):    0.000ns
    Discrete Jitter          (DJ):    0.000ns
    Phase Error              (PE):    0.000ns

    Location             Delay type                Incr(ns)  Path(ns)    Netlist Resource(s)
  -------------------------------------------------------------------    -------------------
    T17                                               0.000     0.000 f  reset (IN)
                         net (fo=0)                   0.000     0.000    reset
    T17                  IBUF (Prop_ibuf_I_O)         1.451     1.451 f  reset_IBUF_inst/O
                         net (fo=7, routed)           3.026     4.477    reset_IBUF
    SLICE_X65Y18         FDCE                                         f  count_reg[2]/CLR
  -------------------------------------------------------------------    -------------------

                         (clock sys_clk_pin fall edge)
                                                      5.000     5.000 f  
    W5                                                0.000     5.000 f  clk (IN)
                         net (fo=0)                   0.000     5.000    clk
    W5                   IBUF (Prop_ibuf_I_O)         1.388     6.388 f  clk_IBUF_inst/O
                         net (fo=1, routed)           1.862     8.250    clk_IBUF
    BUFGCTRL_X0Y0        BUFG (Prop_bufg_I_O)         0.091     8.341 f  clk_IBUF_BUFG_inst/O
                         net (fo=7, routed)           1.509     9.850    clk_IBUF_BUFG
    SLICE_X65Y18         FDCE                                         r  count_reg[2]/C  (IS_INVERTED)

Slack:                    inf
  Source:                 reset
                            (input port)
  Destination:            count_reg[3]/CLR
                            (recovery check against rising-edge clock sys_clk_pin  {rise@0.000ns fall@5.000ns period=10.000ns})
  Path Group:             (none)
  Path Type:              Recovery (Max at Slow Process Corner)
  Data Path Delay:        4.477ns  (logic 1.451ns (32.414%)  route 3.026ns (67.586%))
  Logic Levels:           1  (IBUF=1)
  Clock Path Skew:        4.850ns (DCD - SCD + CPR)
    Destination Clock Delay (DCD):    4.850ns = ( 9.850 - 5.000 ) 
    Source Clock Delay      (SCD):    0.000ns
    Clock Pessimism Removal (CPR):    0.000ns
  Clock Uncertainty:      0.025ns  ((TSJ^2 + TIJ^2)^1/2 + DJ) / 2 + PE
    Total System Jitter     (TSJ):    0.050ns
    Total Input Jitter      (TIJ):    0.000ns
    Discrete Jitter          (DJ):    0.000ns
    Phase Error              (PE):    0.000ns

    Location             Delay type                Incr(ns)  Path(ns)    Netlist Resource(s)
  -------------------------------------------------------------------    -------------------
    T17                                               0.000     0.000 f  reset (IN)
                         net (fo=0)                   0.000     0.000    reset
    T17                  IBUF (Prop_ibuf_I_O)         1.451     1.451 f  reset_IBUF_inst/O
                         net (fo=7, routed)           3.026     4.477    reset_IBUF
    SLICE_X65Y18         FDCE                                         f  count_reg[3]/CLR
  -------------------------------------------------------------------    -------------------

                         (clock sys_clk_pin fall edge)
                                                      5.000     5.000 f  
    W5                                                0.000     5.000 f  clk (IN)
                         net (fo=0)                   0.000     5.000    clk
    W5                   IBUF (Prop_ibuf_I_O)         1.388     6.388 f  clk_IBUF_inst/O
                         net (fo=1, routed)           1.862     8.250    clk_IBUF
    BUFGCTRL_X0Y0        BUFG (Prop_bufg_I_O)         0.091     8.341 f  clk_IBUF_BUFG_inst/O
                         net (fo=7, routed)           1.509     9.850    clk_IBUF_BUFG
    SLICE_X65Y18         FDCE                                         r  count_reg[3]/C  (IS_INVERTED)





Min Delay Paths
--------------------------------------------------------------------------------------
Slack:                    inf
  Source:                 reset
                            (input port)
  Destination:            FSM_onehot_c_state_reg[0]/PRE
                            (removal check against rising-edge clock sys_clk_pin  {rise@0.000ns fall@5.000ns period=10.000ns})
  Path Group:             (none)
  Path Type:              Removal (Min at Fast Process Corner)
  Data Path Delay:        1.623ns  (logic 0.219ns (13.510%)  route 1.404ns (86.490%))
  Logic Levels:           1  (IBUF=1)
  Clock Path Skew:        1.984ns (DCD - SCD - CPR)
    Destination Clock Delay (DCD):    1.984ns
    Source Clock Delay      (SCD):    0.000ns
    Clock Pessimism Removal (CPR):    -0.000ns

    Location             Delay type                Incr(ns)  Path(ns)    Netlist Resource(s)
  -------------------------------------------------------------------    -------------------
    T17                                               0.000     0.000 f  reset (IN)
                         net (fo=0)                   0.000     0.000    reset
    T17                  IBUF (Prop_ibuf_I_O)         0.219     0.219 f  reset_IBUF_inst/O
                         net (fo=7, routed)           1.404     1.623    reset_IBUF
    SLICE_X64Y18         FDPE                                         f  FSM_onehot_c_state_reg[0]/PRE
  -------------------------------------------------------------------    -------------------

                         (clock sys_clk_pin rise edge)
                                                      0.000     0.000 r  
    W5                                                0.000     0.000 r  clk (IN)
                         net (fo=0)                   0.000     0.000    clk
    W5                   IBUF (Prop_ibuf_I_O)         0.414     0.414 r  clk_IBUF_inst/O
                         net (fo=1, routed)           0.685     1.099    clk_IBUF
    BUFGCTRL_X0Y0        BUFG (Prop_bufg_I_O)         0.029     1.128 r  clk_IBUF_BUFG_inst/O
                         net (fo=7, routed)           0.857     1.984    clk_IBUF_BUFG
    SLICE_X64Y18         FDPE                                         r  FSM_onehot_c_state_reg[0]/C

Slack:                    inf
  Source:                 reset
                            (input port)
  Destination:            FSM_onehot_c_state_reg[1]/CLR
                            (removal check against rising-edge clock sys_clk_pin  {rise@0.000ns fall@5.000ns period=10.000ns})
  Path Group:             (none)
  Path Type:              Removal (Min at Fast Process Corner)
  Data Path Delay:        1.623ns  (logic 0.219ns (13.510%)  route 1.404ns (86.490%))
  Logic Levels:           1  (IBUF=1)
  Clock Path Skew:        1.984ns (DCD - SCD - CPR)
    Destination Clock Delay (DCD):    1.984ns
    Source Clock Delay      (SCD):    0.000ns
    Clock Pessimism Removal (CPR):    -0.000ns

    Location             Delay type                Incr(ns)  Path(ns)    Netlist Resource(s)
  -------------------------------------------------------------------    -------------------
    T17                                               0.000     0.000 f  reset (IN)
                         net (fo=0)                   0.000     0.000    reset
    T17                  IBUF (Prop_ibuf_I_O)         0.219     0.219 f  reset_IBUF_inst/O
                         net (fo=7, routed)           1.404     1.623    reset_IBUF
    SLICE_X64Y18         FDCE                                         f  FSM_onehot_c_state_reg[1]/CLR
  -------------------------------------------------------------------    -------------------

                         (clock sys_clk_pin rise edge)
                                                      0.000     0.000 r  
    W5                                                0.000     0.000 r  clk (IN)
                         net (fo=0)                   0.000     0.000    clk
    W5                   IBUF (Prop_ibuf_I_O)         0.414     0.414 r  clk_IBUF_inst/O
                         net (fo=1, routed)           0.685     1.099    clk_IBUF
    BUFGCTRL_X0Y0        BUFG (Prop_bufg_I_O)         0.029     1.128 r  clk_IBUF_BUFG_inst/O
                         net (fo=7, routed)           0.857     1.984    clk_IBUF_BUFG
    SLICE_X64Y18         FDCE                                         r  FSM_onehot_c_state_reg[1]/C

Slack:                    inf
  Source:                 reset
                            (input port)
  Destination:            FSM_onehot_c_state_reg[2]/CLR
                            (removal check against rising-edge clock sys_clk_pin  {rise@0.000ns fall@5.000ns period=10.000ns})
  Path Group:             (none)
  Path Type:              Removal (Min at Fast Process Corner)
  Data Path Delay:        1.623ns  (logic 0.219ns (13.510%)  route 1.404ns (86.490%))
  Logic Levels:           1  (IBUF=1)
  Clock Path Skew:        1.984ns (DCD - SCD - CPR)
    Destination Clock Delay (DCD):    1.984ns
    Source Clock Delay      (SCD):    0.000ns
    Clock Pessimism Removal (CPR):    -0.000ns

    Location             Delay type                Incr(ns)  Path(ns)    Netlist Resource(s)
  -------------------------------------------------------------------    -------------------
    T17                                               0.000     0.000 f  reset (IN)
                         net (fo=0)                   0.000     0.000    reset
    T17                  IBUF (Prop_ibuf_I_O)         0.219     0.219 f  reset_IBUF_inst/O
                         net (fo=7, routed)           1.404     1.623    reset_IBUF
    SLICE_X64Y18         FDCE                                         f  FSM_onehot_c_state_reg[2]/CLR
  -------------------------------------------------------------------    -------------------

                         (clock sys_clk_pin rise edge)
                                                      0.000     0.000 r  
    W5                                                0.000     0.000 r  clk (IN)
                         net (fo=0)                   0.000     0.000    clk
    W5                   IBUF (Prop_ibuf_I_O)         0.414     0.414 r  clk_IBUF_inst/O
                         net (fo=1, routed)           0.685     1.099    clk_IBUF
    BUFGCTRL_X0Y0        BUFG (Prop_bufg_I_O)         0.029     1.128 r  clk_IBUF_BUFG_inst/O
                         net (fo=7, routed)           0.857     1.984    clk_IBUF_BUFG
    SLICE_X64Y18         FDCE                                         r  FSM_onehot_c_state_reg[2]/C

Slack:                    inf
  Source:                 reset
                            (input port)
  Destination:            count_reg[0]/CLR
                            (removal check against rising-edge clock sys_clk_pin  {rise@0.000ns fall@5.000ns period=10.000ns})
  Path Group:             (none)
  Path Type:              Removal (Min at Fast Process Corner)
  Data Path Delay:        1.623ns  (logic 0.219ns (13.510%)  route 1.404ns (86.490%))
  Logic Levels:           1  (IBUF=1)
  Clock Path Skew:        1.984ns (DCD - SCD - CPR)
    Destination Clock Delay (DCD):    1.984ns = ( 6.984 - 5.000 ) 
    Source Clock Delay      (SCD):    0.000ns
    Clock Pessimism Removal (CPR):    -0.000ns

    Location             Delay type                Incr(ns)  Path(ns)    Netlist Resource(s)
  -------------------------------------------------------------------    -------------------
    T17                                               0.000     0.000 f  reset (IN)
                         net (fo=0)                   0.000     0.000    reset
    T17                  IBUF (Prop_ibuf_I_O)         0.219     0.219 f  reset_IBUF_inst/O
                         net (fo=7, routed)           1.404     1.623    reset_IBUF
    SLICE_X65Y18         FDCE                                         f  count_reg[0]/CLR
  -------------------------------------------------------------------    -------------------

                         (clock sys_clk_pin fall edge)
                                                      5.000     5.000 f  
    W5                                                0.000     5.000 f  clk (IN)
                         net (fo=0)                   0.000     5.000    clk
    W5                   IBUF (Prop_ibuf_I_O)         0.414     5.414 f  clk_IBUF_inst/O
                         net (fo=1, routed)           0.685     6.099    clk_IBUF
    BUFGCTRL_X0Y0        BUFG (Prop_bufg_I_O)         0.029     6.128 f  clk_IBUF_BUFG_inst/O
                         net (fo=7, routed)           0.857     6.984    clk_IBUF_BUFG
    SLICE_X65Y18         FDCE                                         r  count_reg[0]/C  (IS_INVERTED)

Slack:                    inf
  Source:                 reset
                            (input port)
  Destination:            count_reg[1]/CLR
                            (removal check against rising-edge clock sys_clk_pin  {rise@0.000ns fall@5.000ns period=10.000ns})
  Path Group:             (none)
  Path Type:              Removal (Min at Fast Process Corner)
  Data Path Delay:        1.623ns  (logic 0.219ns (13.510%)  route 1.404ns (86.490%))
  Logic Levels:           1  (IBUF=1)
  Clock Path Skew:        1.984ns (DCD - SCD - CPR)
    Destination Clock Delay (DCD):    1.984ns = ( 6.984 - 5.000 ) 
    Source Clock Delay      (SCD):    0.000ns
    Clock Pessimism Removal (CPR):    -0.000ns

    Location             Delay type                Incr(ns)  Path(ns)    Netlist Resource(s)
  -------------------------------------------------------------------    -------------------
    T17                                               0.000     0.000 f  reset (IN)
                         net (fo=0)                   0.000     0.000    reset
    T17                  IBUF (Prop_ibuf_I_O)         0.219     0.219 f  reset_IBUF_inst/O
                         net (fo=7, routed)           1.404     1.623    reset_IBUF
    SLICE_X65Y18         FDCE                                         f  count_reg[1]/CLR
  -------------------------------------------------------------------    -------------------

                         (clock sys_clk_pin fall edge)
                                                      5.000     5.000 f  
    W5                                                0.000     5.000 f  clk (IN)
                         net (fo=0)                   0.000     5.000    clk
    W5                   IBUF (Prop_ibuf_I_O)         0.414     5.414 f  clk_IBUF_inst/O
                         net (fo=1, routed)           0.685     6.099    clk_IBUF
    BUFGCTRL_X0Y0        BUFG (Prop_bufg_I_O)         0.029     6.128 f  clk_IBUF_BUFG_inst/O
                         net (fo=7, routed)           0.857     6.984    clk_IBUF_BUFG
    SLICE_X65Y18         FDCE                                         r  count_reg[1]/C  (IS_INVERTED)

Slack:                    inf
  Source:                 reset
                            (input port)
  Destination:            count_reg[2]/CLR
                            (removal check against rising-edge clock sys_clk_pin  {rise@0.000ns fall@5.000ns period=10.000ns})
  Path Group:             (none)
  Path Type:              Removal (Min at Fast Process Corner)
  Data Path Delay:        1.623ns  (logic 0.219ns (13.510%)  route 1.404ns (86.490%))
  Logic Levels:           1  (IBUF=1)
  Clock Path Skew:        1.984ns (DCD - SCD - CPR)
    Destination Clock Delay (DCD):    1.984ns = ( 6.984 - 5.000 ) 
    Source Clock Delay      (SCD):    0.000ns
    Clock Pessimism Removal (CPR):    -0.000ns

    Location             Delay type                Incr(ns)  Path(ns)    Netlist Resource(s)
  -------------------------------------------------------------------    -------------------
    T17                                               0.000     0.000 f  reset (IN)
                         net (fo=0)                   0.000     0.000    reset
    T17                  IBUF (Prop_ibuf_I_O)         0.219     0.219 f  reset_IBUF_inst/O
                         net (fo=7, routed)           1.404     1.623    reset_IBUF
    SLICE_X65Y18         FDCE                                         f  count_reg[2]/CLR
  -------------------------------------------------------------------    -------------------

                         (clock sys_clk_pin fall edge)
                                                      5.000     5.000 f  
    W5                                                0.000     5.000 f  clk (IN)
                         net (fo=0)                   0.000     5.000    clk
    W5                   IBUF (Prop_ibuf_I_O)         0.414     5.414 f  clk_IBUF_inst/O
                         net (fo=1, routed)           0.685     6.099    clk_IBUF
    BUFGCTRL_X0Y0        BUFG (Prop_bufg_I_O)         0.029     6.128 f  clk_IBUF_BUFG_inst/O
                         net (fo=7, routed)           0.857     6.984    clk_IBUF_BUFG
    SLICE_X65Y18         FDCE                                         r  count_reg[2]/C  (IS_INVERTED)

Slack:                    inf
  Source:                 reset
                            (input port)
  Destination:            count_reg[3]/CLR
                            (removal check against rising-edge clock sys_clk_pin  {rise@0.000ns fall@5.000ns period=10.000ns})
  Path Group:             (none)
  Path Type:              Removal (Min at Fast Process Corner)
  Data Path Delay:        1.623ns  (logic 0.219ns (13.510%)  route 1.404ns (86.490%))
  Logic Levels:           1  (IBUF=1)
  Clock Path Skew:        1.984ns (DCD - SCD - CPR)
    Destination Clock Delay (DCD):    1.984ns = ( 6.984 - 5.000 ) 
    Source Clock Delay      (SCD):    0.000ns
    Clock Pessimism Removal (CPR):    -0.000ns

    Location             Delay type                Incr(ns)  Path(ns)    Netlist Resource(s)
  -------------------------------------------------------------------    -------------------
    T17                                               0.000     0.000 f  reset (IN)
                         net (fo=0)                   0.000     0.000    reset
    T17                  IBUF (Prop_ibuf_I_O)         0.219     0.219 f  reset_IBUF_inst/O
                         net (fo=7, routed)           1.404     1.623    reset_IBUF
    SLICE_X65Y18         FDCE                                         f  count_reg[3]/CLR
  -------------------------------------------------------------------    -------------------

                         (clock sys_clk_pin fall edge)
                                                      5.000     5.000 f  
    W5                                                0.000     5.000 f  clk (IN)
                         net (fo=0)                   0.000     5.000    clk
    W5                   IBUF (Prop_ibuf_I_O)         0.414     5.414 f  clk_IBUF_inst/O
                         net (fo=1, routed)           0.685     6.099    clk_IBUF
    BUFGCTRL_X0Y0        BUFG (Prop_bufg_I_O)         0.029     6.128 f  clk_IBUF_BUFG_inst/O
                         net (fo=7, routed)           0.857     6.984    clk_IBUF_BUFG
    SLICE_X65Y18         FDCE                                         r  count_reg[3]/C  (IS_INVERTED)

Slack:                    inf
  Source:                 countup
                            (input port)
  Destination:            FSM_onehot_c_state_reg[0]/D
                            (rising edge-triggered cell FDPE clocked by sys_clk_pin  {rise@0.000ns fall@5.000ns period=10.000ns})
  Path Group:             (none)
  Path Type:              Hold (Min at Fast Process Corner)
  Data Path Delay:        1.772ns  (logic 0.267ns (15.063%)  route 1.505ns (84.937%))
  Logic Levels:           2  (IBUF=1 LUT3=1)
  Clock Path Skew:        1.984ns (DCD - SCD - CPR)
    Destination Clock Delay (DCD):    1.984ns
    Source Clock Delay      (SCD):    0.000ns
    Clock Pessimism Removal (CPR):    -0.000ns

    Location             Delay type                Incr(ns)  Path(ns)    Netlist Resource(s)
  -------------------------------------------------------------------    -------------------
    T18                                               0.000     0.000 f  countup (IN)
                         net (fo=0)                   0.000     0.000    countup
    T18                  IBUF (Prop_ibuf_I_O)         0.222     0.222 f  countup_IBUF_inst/O
                         net (fo=3, routed)           1.505     1.727    countup_IBUF
    SLICE_X64Y18         LUT3 (Prop_lut3_I1_O)        0.045     1.772 r  FSM_onehot_c_state[0]_i_1/O
                         net (fo=1, routed)           0.000     1.772    FSM_onehot_c_state[0]_i_1_n_0
    SLICE_X64Y18         FDPE                                         r  FSM_onehot_c_state_reg[0]/D
  -------------------------------------------------------------------    -------------------

                         (clock sys_clk_pin rise edge)
                                                      0.000     0.000 r  
    W5                                                0.000     0.000 r  clk (IN)
                         net (fo=0)                   0.000     0.000    clk
    W5                   IBUF (Prop_ibuf_I_O)         0.414     0.414 r  clk_IBUF_inst/O
                         net (fo=1, routed)           0.685     1.099    clk_IBUF
    BUFGCTRL_X0Y0        BUFG (Prop_bufg_I_O)         0.029     1.128 r  clk_IBUF_BUFG_inst/O
                         net (fo=7, routed)           0.857     1.984    clk_IBUF_BUFG
    SLICE_X64Y18         FDPE                                         r  FSM_onehot_c_state_reg[0]/C

Slack:                    inf
  Source:                 countup
                            (input port)
  Destination:            FSM_onehot_c_state_reg[2]/D
                            (rising edge-triggered cell FDCE clocked by sys_clk_pin  {rise@0.000ns fall@5.000ns period=10.000ns})
  Path Group:             (none)
  Path Type:              Hold (Min at Fast Process Corner)
  Data Path Delay:        1.776ns  (logic 0.266ns (14.972%)  route 1.510ns (85.028%))
  Logic Levels:           2  (IBUF=1 LUT2=1)
  Clock Path Skew:        1.984ns (DCD - SCD - CPR)
    Destination Clock Delay (DCD):    1.984ns
    Source Clock Delay      (SCD):    0.000ns
    Clock Pessimism Removal (CPR):    -0.000ns

    Location             Delay type                Incr(ns)  Path(ns)    Netlist Resource(s)
  -------------------------------------------------------------------    -------------------
    T18                                               0.000     0.000 f  countup (IN)
                         net (fo=0)                   0.000     0.000    countup
    T18                  IBUF (Prop_ibuf_I_O)         0.222     0.222 f  countup_IBUF_inst/O
                         net (fo=3, routed)           1.510     1.732    countup_IBUF
    SLICE_X64Y18         LUT2 (Prop_lut2_I1_O)        0.044     1.776 r  FSM_onehot_c_state[2]_i_1/O
                         net (fo=1, routed)           0.000     1.776    FSM_onehot_c_state[2]_i_1_n_0
    SLICE_X64Y18         FDCE                                         r  FSM_onehot_c_state_reg[2]/D
  -------------------------------------------------------------------    -------------------

                         (clock sys_clk_pin rise edge)
                                                      0.000     0.000 r  
    W5                                                0.000     0.000 r  clk (IN)
                         net (fo=0)                   0.000     0.000    clk
    W5                   IBUF (Prop_ibuf_I_O)         0.414     0.414 r  clk_IBUF_inst/O
                         net (fo=1, routed)           0.685     1.099    clk_IBUF
    BUFGCTRL_X0Y0        BUFG (Prop_bufg_I_O)         0.029     1.128 r  clk_IBUF_BUFG_inst/O
                         net (fo=7, routed)           0.857     1.984    clk_IBUF_BUFG
    SLICE_X64Y18         FDCE                                         r  FSM_onehot_c_state_reg[2]/C

Slack:                    inf
  Source:                 countup
                            (input port)
  Destination:            FSM_onehot_c_state_reg[1]/D
                            (rising edge-triggered cell FDCE clocked by sys_clk_pin  {rise@0.000ns fall@5.000ns period=10.000ns})
  Path Group:             (none)
  Path Type:              Hold (Min at Fast Process Corner)
  Data Path Delay:        1.777ns  (logic 0.267ns (15.020%)  route 1.510ns (84.980%))
  Logic Levels:           2  (IBUF=1 LUT3=1)
  Clock Path Skew:        1.984ns (DCD - SCD - CPR)
    Destination Clock Delay (DCD):    1.984ns
    Source Clock Delay      (SCD):    0.000ns
    Clock Pessimism Removal (CPR):    -0.000ns

    Location             Delay type                Incr(ns)  Path(ns)    Netlist Resource(s)
  -------------------------------------------------------------------    -------------------
    T18                                               0.000     0.000 r  countup (IN)
                         net (fo=0)                   0.000     0.000    countup
    T18                  IBUF (Prop_ibuf_I_O)         0.222     0.222 r  countup_IBUF_inst/O
                         net (fo=3, routed)           1.510     1.732    countup_IBUF
    SLICE_X64Y18         LUT3 (Prop_lut3_I1_O)        0.045     1.777 r  FSM_onehot_c_state[1]_i_1/O
                         net (fo=1, routed)           0.000     1.777    FSM_onehot_c_state[1]_i_1_n_0
    SLICE_X64Y18         FDCE                                         r  FSM_onehot_c_state_reg[1]/D
  -------------------------------------------------------------------    -------------------

                         (clock sys_clk_pin rise edge)
                                                      0.000     0.000 r  
    W5                                                0.000     0.000 r  clk (IN)
                         net (fo=0)                   0.000     0.000    clk
    W5                   IBUF (Prop_ibuf_I_O)         0.414     0.414 r  clk_IBUF_inst/O
                         net (fo=1, routed)           0.685     1.099    clk_IBUF
    BUFGCTRL_X0Y0        BUFG (Prop_bufg_I_O)         0.029     1.128 r  clk_IBUF_BUFG_inst/O
                         net (fo=7, routed)           0.857     1.984    clk_IBUF_BUFG
    SLICE_X64Y18         FDCE                                         r  FSM_onehot_c_state_reg[1]/C





