Copyright 1986-2022 Xilinx, Inc. All Rights Reserved. Copyright 2022-2023 Advanced Micro Devices, Inc. All Rights Reserved.
------------------------------------------------------------------------------------------------------------------------------------------------------------------------------------------------------
| Tool Version : Vivado v.2023.2 (lin64) Build 4029153 Fri Oct 13 20:13:54 MDT 2023
| Date         : Fri Sep 11 16:39:55 2026
| Host         : fedora running 64-bit unknown
| Command      : report_timing_summary -max_paths 10 -report_unconstrained -file lab_timing_summary_routed.rpt -pb lab_timing_summary_routed.pb -rpx lab_timing_summary_routed.rpx -warn_on_violation
| Design       : lab
| Device       : 7a35t-cpg236
| Speed File   : -1  PRODUCTION 1.23 2018-06-13
| Design State : Routed
------------------------------------------------------------------------------------------------------------------------------------------------------------------------------------------------------

Timing Summary Report

------------------------------------------------------------------------------------------------
| Timer Settings
| --------------
------------------------------------------------------------------------------------------------

  Enable Multi Corner Analysis               :  Yes
  Enable Pessimism Removal                   :  Yes
  Pessimism Removal Resolution               :  Nearest Common Node
  Enable Input Delay Default Clock           :  No
  Enable Preset / Clear Arcs                 :  No
  Disable Flight Delays                      :  No
  Ignore I/O Paths                           :  No
  Timing Early Launch at Borrowing Latches   :  No
  Borrow Time for Max Delay Exceptions       :  Yes
  Merge Timing Exceptions                    :  Yes
  Inter-SLR Compensation                     :  Conservative

  Corner  Analyze    Analyze    
  Name    Max Paths  Min Paths  
  ------  ---------  ---------  
  Slow    Yes        Yes        
  Fast    Yes        Yes        


------------------------------------------------------------------------------------------------
| Report Methodology
| ------------------
------------------------------------------------------------------------------------------------

Rule       Severity  Description                    Violations  
---------  --------  -----------------------------  ----------  
TIMING-18  Warning   Missing input or output delay  9           

Note: This report is based on the most recent report_methodology run and may not be up-to-date. Run report_methodology on the current design for the latest report.



check_timing report

Table of Contents
-----------------
1. checking no_clock (0)
2. checking constant_clock (0)
3. checking pulse_width_clock (0)
4. checking unconstrained_internal_endpoints (0)
5. checking no_input_delay (2)
6. checking no_output_delay (7)
7. checking multiple_clock (0)
8. checking generated_clocks (0)
9. checking loops (0)
10. checking partial_input_delay (0)
11. checking partial_output_delay (0)
12. checking latch_loops (0)

1. checking no_clock (0)
------------------------
 There are 0 register/latch pins with no clock.


2. checking constant_clock (0)
------------------------------
 There are 0 register/latch pins with constant_clock.


3. checking pulse_width_clock (0)
---------------------------------
 There are 0 register/latch pins which need pulse_width check


4. checking unconstrained_internal_endpoints (0)
------------------------------------------------
 There are 0 pins that are not constrained for maximum delay.

 There are 0 pins that are not constrained for maximum delay due to constant clock.


5. checking no_input_delay (2)
------------------------------
 There are 2 input ports with no input delay specified. (HIGH)

 There are 0 input ports with no input delay but user has a false path constraint.


6. checking no_output_delay (7)
-------------------------------
 There are 7 ports with no output delay specified. (HIGH)

 There are 0 ports with no output delay but user has a false path constraint

 There are 0 ports with no output delay but with a timing clock defined on it or propagating through it


7. checking multiple_clock (0)
------------------------------
 There are 0 register/latch pins with multiple clocks.


8. checking generated_clocks (0)
--------------------------------
 There are 0 generated clocks that are not connected to a clock source.


9. checking loops (0)
---------------------
 There are 0 combinational loops in the design.


10. checking partial_input_delay (0)
------------------------------------
 There are 0 input ports with partial input delay specified.


11. checking partial_output_delay (0)
-------------------------------------
 There are 0 ports with partial output delay specified.


12. checking latch_loops (0)
----------------------------
 There are 0 combinational latch loops in the design through latch input



------------------------------------------------------------------------------------------------
| Design Timing Summary
| ---------------------
------------------------------------------------------------------------------------------------

    WNS(ns)      TNS(ns)  TNS Failing Endpoints  TNS Total Endpoints      WHS(ns)      THS(ns)  THS Failing Endpoints  THS Total Endpoints     WPWS(ns)     TPWS(ns)  TPWS Failing Endpoints  TPWS Total Endpoints  
    -------      -------  ---------------------  -------------------      -------      -------  ---------------------  -------------------     --------     --------  ----------------------  --------------------  
      2.940        0.000                      0                   10        0.250        0.000                      0                   10        4.500        0.000                       0                     7  


All user specified timing constraints are met.


------------------------------------------------------------------------------------------------
| Clock Summary
| -------------
------------------------------------------------------------------------------------------------

Clock        Waveform(ns)       Period(ns)      Frequency(MHz)
-----        ------------       ----------      --------------
sys_clk_pin  {0.000 5.000}      10.000          100.000         


------------------------------------------------------------------------------------------------
| Intra Clock Table
| -----------------
------------------------------------------------------------------------------------------------

Clock             WNS(ns)      TNS(ns)  TNS Failing Endpoints  TNS Total Endpoints      WHS(ns)      THS(ns)  THS Failing Endpoints  THS Total Endpoints     WPWS(ns)     TPWS(ns)  TPWS Failing Endpoints  TPWS Total Endpoints  
-----             -------      -------  ---------------------  -------------------      -------      -------  ---------------------  -------------------     --------     --------  ----------------------  --------------------  
sys_clk_pin         2.940        0.000                      0                   10        0.250        0.000                      0                   10        4.500        0.000                       0                     7  


------------------------------------------------------------------------------------------------
| Inter Clock Table
| -----------------
------------------------------------------------------------------------------------------------

From Clock    To Clock          WNS(ns)      TNS(ns)  TNS Failing Endpoints  TNS Total Endpoints      WHS(ns)      THS(ns)  THS Failing Endpoints  THS Total Endpoints  
----------    --------          -------      -------  ---------------------  -------------------      -------      -------  ---------------------  -------------------  


------------------------------------------------------------------------------------------------
| Other Path Groups Table
| -----------------------
------------------------------------------------------------------------------------------------

Path Group    From Clock    To Clock          WNS(ns)      TNS(ns)  TNS Failing Endpoints  TNS Total Endpoints      WHS(ns)      THS(ns)  THS Failing Endpoints  THS Total Endpoints  
----------    ----------    --------          -------      -------  ---------------------  -------------------      -------      -------  ---------------------  -------------------  


------------------------------------------------------------------------------------------------
| User Ignored Path Table
| -----------------------
------------------------------------------------------------------------------------------------

Path Group    From Clock    To Clock    
----------    ----------    --------    


------------------------------------------------------------------------------------------------
| Unconstrained Path Table
| ------------------------
------------------------------------------------------------------------------------------------

Path Group    From Clock    To Clock    
----------    ----------    --------    
(none)        sys_clk_pin                 
(none)                      sys_clk_pin   


------------------------------------------------------------------------------------------------
| Timing Details
| --------------
------------------------------------------------------------------------------------------------


---------------------------------------------------------------------------------------------------
From Clock:  sys_clk_pin
  To Clock:  sys_clk_pin

Setup :            0  Failing Endpoints,  Worst Slack        2.940ns,  Total Violation        0.000ns
Hold  :            0  Failing Endpoints,  Worst Slack        0.250ns,  Total Violation        0.000ns
PW    :            0  Failing Endpoints,  Worst Slack        4.500ns,  Total Violation        0.000ns
---------------------------------------------------------------------------------------------------


Max Delay Paths
--------------------------------------------------------------------------------------
Slack (MET) :             2.940ns  (required time - arrival time)
  Source:                 FSM_sequential_c_state_reg[0]/C
                            (rising edge-triggered cell FDCE clocked by sys_clk_pin  {rise@0.000ns fall@5.000ns period=10.000ns})
  Destination:            count_reg[0]/CE
                            (falling edge-triggered cell FDCE clocked by sys_clk_pin  {rise@0.000ns fall@5.000ns period=10.000ns})
  Path Group:             sys_clk_pin
  Path Type:              Setup (Max at Slow Process Corner)
  Requirement:            5.000ns  (sys_clk_pin fall@5.000ns - sys_clk_pin rise@0.000ns)
  Data Path Delay:        1.833ns  (logic 0.642ns (35.033%)  route 1.191ns (64.967%))
  Logic Levels:           1  (LUT2=1)
  Clock Path Skew:        -0.028ns (DCD - SCD + CPR)
    Destination Clock Delay (DCD):    4.849ns = ( 9.849 - 5.000 ) 
    Source Clock Delay      (SCD):    5.151ns
    Clock Pessimism Removal (CPR):    0.274ns
  Clock Uncertainty:      0.035ns  ((TSJ^2 + TIJ^2)^1/2 + DJ) / 2 + PE
    Total System Jitter     (TSJ):    0.071ns
    Total Input Jitter      (TIJ):    0.000ns
    Discrete Jitter          (DJ):    0.000ns
    Phase Error              (PE):    0.000ns

    Location             Delay type                Incr(ns)  Path(ns)    Netlist Resource(s)
  -------------------------------------------------------------------    -------------------
                         (clock sys_clk_pin rise edge)
                                                      0.000     0.000 r  
    W5                                                0.000     0.000 r  clk (IN)
                         net (fo=0)                   0.000     0.000    clk
    W5                   IBUF (Prop_ibuf_I_O)         1.458     1.458 r  clk_IBUF_inst/O
                         net (fo=1, routed)           1.967     3.425    clk_IBUF
    BUFGCTRL_X0Y0        BUFG (Prop_bufg_I_O)         0.096     3.521 r  clk_IBUF_BUFG_inst/O
                         net (fo=6, routed)           1.630     5.151    clk_IBUF_BUFG
    SLICE_X64Y16         FDCE                                         r  FSM_sequential_c_state_reg[0]/C
  -------------------------------------------------------------------    -------------------
    SLICE_X64Y16         FDCE (Prop_fdce_C_Q)         0.518     5.669 f  FSM_sequential_c_state_reg[0]/Q
                         net (fo=2, routed)           0.530     6.199    c_state[0]
    SLICE_X64Y16         LUT2 (Prop_lut2_I1_O)        0.124     6.323 r  count[3]_i_1/O
                         net (fo=4, routed)           0.660     6.984    count[3]_i_1_n_0
    SLICE_X64Y20         FDCE                                         r  count_reg[0]/CE
  -------------------------------------------------------------------    -------------------

                         (clock sys_clk_pin fall edge)
                                                      5.000     5.000 f  
    W5                                                0.000     5.000 f  clk (IN)
                         net (fo=0)                   0.000     5.000    clk
    W5                   IBUF (Prop_ibuf_I_O)         1.388     6.388 f  clk_IBUF_inst/O
                         net (fo=1, routed)           1.862     8.250    clk_IBUF
    BUFGCTRL_X0Y0        BUFG (Prop_bufg_I_O)         0.091     8.341 f  clk_IBUF_BUFG_inst/O
                         net (fo=6, routed)           1.508     9.849    clk_IBUF_BUFG
    SLICE_X64Y20         FDCE                                         r  count_reg[0]/C  (IS_INVERTED)
                         clock pessimism              0.274    10.123    
                         clock uncertainty           -0.035    10.088    
    SLICE_X64Y20         FDCE (Setup_fdce_C_CE)      -0.164     9.924    count_reg[0]
  -------------------------------------------------------------------
                         required time                          9.924    
                         arrival time                          -6.984    
  -------------------------------------------------------------------
                         slack                                  2.940    

Slack (MET) :             2.940ns  (required time - arrival time)
  Source:                 FSM_sequential_c_state_reg[0]/C
                            (rising edge-triggered cell FDCE clocked by sys_clk_pin  {rise@0.000ns fall@5.000ns period=10.000ns})
  Destination:            count_reg[1]/CE
                            (falling edge-triggered cell FDCE clocked by sys_clk_pin  {rise@0.000ns fall@5.000ns period=10.000ns})
  Path Group:             sys_clk_pin
  Path Type:              Setup (Max at Slow Process Corner)
  Requirement:            5.000ns  (sys_clk_pin fall@5.000ns - sys_clk_pin rise@0.000ns)
  Data Path Delay:        1.833ns  (logic 0.642ns (35.033%)  route 1.191ns (64.967%))
  Logic Levels:           1  (LUT2=1)
  Clock Path Skew:        -0.028ns (DCD - SCD + CPR)
    Destination Clock Delay (DCD):    4.849ns = ( 9.849 - 5.000 ) 
    Source Clock Delay      (SCD):    5.151ns
    Clock Pessimism Removal (CPR):    0.274ns
  Clock Uncertainty:      0.035ns  ((TSJ^2 + TIJ^2)^1/2 + DJ) / 2 + PE
    Total System Jitter     (TSJ):    0.071ns
    Total Input Jitter      (TIJ):    0.000ns
    Discrete Jitter          (DJ):    0.000ns
    Phase Error              (PE):    0.000ns

    Location             Delay type                Incr(ns)  Path(ns)    Netlist Resource(s)
  -------------------------------------------------------------------    -------------------
                         (clock sys_clk_pin rise edge)
                                                      0.000     0.000 r  
    W5                                                0.000     0.000 r  clk (IN)
                         net (fo=0)                   0.000     0.000    clk
    W5                   IBUF (Prop_ibuf_I_O)         1.458     1.458 r  clk_IBUF_inst/O
                         net (fo=1, routed)           1.967     3.425    clk_IBUF
    BUFGCTRL_X0Y0        BUFG (Prop_bufg_I_O)         0.096     3.521 r  clk_IBUF_BUFG_inst/O
                         net (fo=6, routed)           1.630     5.151    clk_IBUF_BUFG
    SLICE_X64Y16         FDCE                                         r  FSM_sequential_c_state_reg[0]/C
  -------------------------------------------------------------------    -------------------
    SLICE_X64Y16         FDCE (Prop_fdce_C_Q)         0.518     5.669 f  FSM_sequential_c_state_reg[0]/Q
                         net (fo=2, routed)           0.530     6.199    c_state[0]
    SLICE_X64Y16         LUT2 (Prop_lut2_I1_O)        0.124     6.323 r  count[3]_i_1/O
                         net (fo=4, routed)           0.660     6.984    count[3]_i_1_n_0
    SLICE_X64Y20         FDCE                                         r  count_reg[1]/CE
  -------------------------------------------------------------------    -------------------

                         (clock sys_clk_pin fall edge)
                                                      5.000     5.000 f  
    W5                                                0.000     5.000 f  clk (IN)
                         net (fo=0)                   0.000     5.000    clk
    W5                   IBUF (Prop_ibuf_I_O)         1.388     6.388 f  clk_IBUF_inst/O
                         net (fo=1, routed)           1.862     8.250    clk_IBUF
    BUFGCTRL_X0Y0        BUFG (Prop_bufg_I_O)         0.091     8.341 f  clk_IBUF_BUFG_inst/O
                         net (fo=6, routed)           1.508     9.849    clk_IBUF_BUFG
    SLICE_X64Y20         FDCE                                         r  count_reg[1]/C  (IS_INVERTED)
                         clock pessimism              0.274    10.123    
                         clock uncertainty           -0.035    10.088    
    SLICE_X64Y20         FDCE (Setup_fdce_C_CE)      -0.164     9.924    count_reg[1]
  -------------------------------------------------------------------
                         required time                          9.924    
                         arrival time                          -6.984    
  -------------------------------------------------------------------
                         slack                                  2.940    

Slack (MET) :             2.940ns  (required time - arrival time)
  Source:                 FSM_sequential_c_state_reg[0]/C
                            (rising edge-triggered cell FDCE clocked by sys_clk_pin  {rise@0.000ns fall@5.000ns period=10.000ns})
  Destination:            count_reg[2]/CE
                            (falling edge-triggered cell FDCE clocked by sys_clk_pin  {rise@0.000ns fall@5.000ns period=10.000ns})
  Path Group:             sys_clk_pin
  Path Type:              Setup (Max at Slow Process Corner)
  Requirement:            5.000ns  (sys_clk_pin fall@5.000ns - sys_clk_pin rise@0.000ns)
  Data Path Delay:        1.833ns  (logic 0.642ns (35.033%)  route 1.191ns (64.967%))
  Logic Levels:           1  (LUT2=1)
  Clock Path Skew:        -0.028ns (DCD - SCD + CPR)
    Destination Clock Delay (DCD):    4.849ns = ( 9.849 - 5.000 ) 
    Source Clock Delay      (SCD):    5.151ns
    Clock Pessimism Removal (CPR):    0.274ns
  Clock Uncertainty:      0.035ns  ((TSJ^2 + TIJ^2)^1/2 + DJ) / 2 + PE
    Total System Jitter     (TSJ):    0.071ns
    Total Input Jitter      (TIJ):    0.000ns
    Discrete Jitter          (DJ):    0.000ns
    Phase Error              (PE):    0.000ns

    Location             Delay type                Incr(ns)  Path(ns)    Netlist Resource(s)
  -------------------------------------------------------------------    -------------------
                         (clock sys_clk_pin rise edge)
                                                      0.000     0.000 r  
    W5                                                0.000     0.000 r  clk (IN)
                         net (fo=0)                   0.000     0.000    clk
    W5                   IBUF (Prop_ibuf_I_O)         1.458     1.458 r  clk_IBUF_inst/O
                         net (fo=1, routed)           1.967     3.425    clk_IBUF
    BUFGCTRL_X0Y0        BUFG (Prop_bufg_I_O)         0.096     3.521 r  clk_IBUF_BUFG_inst/O
                         net (fo=6, routed)           1.630     5.151    clk_IBUF_BUFG
    SLICE_X64Y16         FDCE                                         r  FSM_sequential_c_state_reg[0]/C
  -------------------------------------------------------------------    -------------------
    SLICE_X64Y16         FDCE (Prop_fdce_C_Q)         0.518     5.669 f  FSM_sequential_c_state_reg[0]/Q
                         net (fo=2, routed)           0.530     6.199    c_state[0]
    SLICE_X64Y16         LUT2 (Prop_lut2_I1_O)        0.124     6.323 r  count[3]_i_1/O
                         net (fo=4, routed)           0.660     6.984    count[3]_i_1_n_0
    SLICE_X64Y20         FDCE                                         r  count_reg[2]/CE
  -------------------------------------------------------------------    -------------------

                         (clock sys_clk_pin fall edge)
                                                      5.000     5.000 f  
    W5                                                0.000     5.000 f  clk (IN)
                         net (fo=0)                   0.000     5.000    clk
    W5                   IBUF (Prop_ibuf_I_O)         1.388     6.388 f  clk_IBUF_inst/O
                         net (fo=1, routed)           1.862     8.250    clk_IBUF
    BUFGCTRL_X0Y0        BUFG (Prop_bufg_I_O)         0.091     8.341 f  clk_IBUF_BUFG_inst/O
                         net (fo=6, routed)           1.508     9.849    clk_IBUF_BUFG
    SLICE_X64Y20         FDCE                                         r  count_reg[2]/C  (IS_INVERTED)
                         clock pessimism              0.274    10.123    
                         clock uncertainty           -0.035    10.088    
    SLICE_X64Y20         FDCE (Setup_fdce_C_CE)      -0.164     9.924    count_reg[2]
  -------------------------------------------------------------------
                         required time                          9.924    
                         arrival time                          -6.984    
  -------------------------------------------------------------------
                         slack                                  2.940    

Slack (MET) :             2.940ns  (required time - arrival time)
  Source:                 FSM_sequential_c_state_reg[0]/C
                            (rising edge-triggered cell FDCE clocked by sys_clk_pin  {rise@0.000ns fall@5.000ns period=10.000ns})
  Destination:            count_reg[3]/CE
                            (falling edge-triggered cell FDCE clocked by sys_clk_pin  {rise@0.000ns fall@5.000ns period=10.000ns})
  Path Group:             sys_clk_pin
  Path Type:              Setup (Max at Slow Process Corner)
  Requirement:            5.000ns  (sys_clk_pin fall@5.000ns - sys_clk_pin rise@0.000ns)
  Data Path Delay:        1.833ns  (logic 0.642ns (35.033%)  route 1.191ns (64.967%))
  Logic Levels:           1  (LUT2=1)
  Clock Path Skew:        -0.028ns (DCD - SCD + CPR)
    Destination Clock Delay (DCD):    4.849ns = ( 9.849 - 5.000 ) 
    Source Clock Delay      (SCD):    5.151ns
    Clock Pessimism Removal (CPR):    0.274ns
  Clock Uncertainty:      0.035ns  ((TSJ^2 + TIJ^2)^1/2 + DJ) / 2 + PE
    Total System Jitter     (TSJ):    0.071ns
    Total Input Jitter      (TIJ):    0.000ns
    Discrete Jitter          (DJ):    0.000ns
    Phase Error              (PE):    0.000ns

    Location             Delay type                Incr(ns)  Path(ns)    Netlist Resource(s)
  -------------------------------------------------------------------    -------------------
                         (clock sys_clk_pin rise edge)
                                                      0.000     0.000 r  
    W5                                                0.000     0.000 r  clk (IN)
                         net (fo=0)                   0.000     0.000    clk
    W5                   IBUF (Prop_ibuf_I_O)         1.458     1.458 r  clk_IBUF_inst/O
                         net (fo=1, routed)           1.967     3.425    clk_IBUF
    BUFGCTRL_X0Y0        BUFG (Prop_bufg_I_O)         0.096     3.521 r  clk_IBUF_BUFG_inst/O
                         net (fo=6, routed)           1.630     5.151    clk_IBUF_BUFG
    SLICE_X64Y16         FDCE                                         r  FSM_sequential_c_state_reg[0]/C
  -------------------------------------------------------------------    -------------------
    SLICE_X64Y16         FDCE (Prop_fdce_C_Q)         0.518     5.669 f  FSM_sequential_c_state_reg[0]/Q
                         net (fo=2, routed)           0.530     6.199    c_state[0]
    SLICE_X64Y16         LUT2 (Prop_lut2_I1_O)        0.124     6.323 r  count[3]_i_1/O
                         net (fo=4, routed)           0.660     6.984    count[3]_i_1_n_0
    SLICE_X64Y20         FDCE                                         r  count_reg[3]/CE
  -------------------------------------------------------------------    -------------------

                         (clock sys_clk_pin fall edge)
                                                      5.000     5.000 f  
    W5                                                0.000     5.000 f  clk (IN)
                         net (fo=0)                   0.000     5.000    clk
    W5                   IBUF (Prop_ibuf_I_O)         1.388     6.388 f  clk_IBUF_inst/O
                         net (fo=1, routed)           1.862     8.250    clk_IBUF
    BUFGCTRL_X0Y0        BUFG (Prop_bufg_I_O)         0.091     8.341 f  clk_IBUF_BUFG_inst/O
                         net (fo=6, routed)           1.508     9.849    clk_IBUF_BUFG
    SLICE_X64Y20         FDCE                                         r  count_reg[3]/C  (IS_INVERTED)
                         clock pessimism              0.274    10.123    
                         clock uncertainty           -0.035    10.088    
    SLICE_X64Y20         FDCE (Setup_fdce_C_CE)      -0.164     9.924    count_reg[3]
  -------------------------------------------------------------------
                         required time                          9.924    
                         arrival time                          -6.984    
  -------------------------------------------------------------------
                         slack                                  2.940    

Slack (MET) :             8.100ns  (required time - arrival time)
  Source:                 count_reg[2]/C
                            (falling edge-triggered cell FDCE clocked by sys_clk_pin  {rise@0.000ns fall@5.000ns period=10.000ns})
  Destination:            count_reg[2]/D
                            (falling edge-triggered cell FDCE clocked by sys_clk_pin  {rise@0.000ns fall@5.000ns period=10.000ns})
  Path Group:             sys_clk_pin
  Path Type:              Setup (Max at Slow Process Corner)
  Requirement:            10.000ns  (sys_clk_pin fall@15.000ns - sys_clk_pin fall@5.000ns)
  Data Path Delay:        1.839ns  (logic 0.785ns (42.682%)  route 1.054ns (57.318%))
  Logic Levels:           1  (LUT3=1)
  Clock Path Skew:        0.000ns (DCD - SCD + CPR)
    Destination Clock Delay (DCD):    4.849ns = ( 19.849 - 15.000 ) 
    Source Clock Delay      (SCD):    5.146ns = ( 10.146 - 5.000 ) 
    Clock Pessimism Removal (CPR):    0.297ns
  Clock Uncertainty:      0.035ns  ((TSJ^2 + TIJ^2)^1/2 + DJ) / 2 + PE
    Total System Jitter     (TSJ):    0.071ns
    Total Input Jitter      (TIJ):    0.000ns
    Discrete Jitter          (DJ):    0.000ns
    Phase Error              (PE):    0.000ns

    Location             Delay type                Incr(ns)  Path(ns)    Netlist Resource(s)
  -------------------------------------------------------------------    -------------------
                         (clock sys_clk_pin fall edge)
                                                      5.000     5.000 f  
    W5                                                0.000     5.000 f  clk (IN)
                         net (fo=0)                   0.000     5.000    clk
    W5                   IBUF (Prop_ibuf_I_O)         1.458     6.458 f  clk_IBUF_inst/O
                         net (fo=1, routed)           1.967     8.425    clk_IBUF
    BUFGCTRL_X0Y0        BUFG (Prop_bufg_I_O)         0.096     8.521 f  clk_IBUF_BUFG_inst/O
                         net (fo=6, routed)           1.625    10.146    clk_IBUF_BUFG
    SLICE_X64Y20         FDCE                                         r  count_reg[2]/C  (IS_INVERTED)
  -------------------------------------------------------------------    -------------------
    SLICE_X64Y20         FDCE (Prop_fdce_C_Q)         0.484    10.630 r  count_reg[2]/Q
                         net (fo=10, routed)          0.675    11.305    count[2]
    SLICE_X65Y20         LUT3 (Prop_lut3_I0_O)        0.301    11.606 r  count[2]_i_1/O
                         net (fo=1, routed)           0.379    11.985    count[2]_i_1_n_0
    SLICE_X64Y20         FDCE                                         r  count_reg[2]/D
  -------------------------------------------------------------------    -------------------

                         (clock sys_clk_pin fall edge)
                                                     15.000    15.000 f  
    W5                                                0.000    15.000 f  clk (IN)
                         net (fo=0)                   0.000    15.000    clk
    W5                   IBUF (Prop_ibuf_I_O)         1.388    16.388 f  clk_IBUF_inst/O
                         net (fo=1, routed)           1.862    18.250    clk_IBUF
    BUFGCTRL_X0Y0        BUFG (Prop_bufg_I_O)         0.091    18.341 f  clk_IBUF_BUFG_inst/O
                         net (fo=6, routed)           1.508    19.849    clk_IBUF_BUFG
    SLICE_X64Y20         FDCE                                         r  count_reg[2]/C  (IS_INVERTED)
                         clock pessimism              0.297    20.146    
                         clock uncertainty           -0.035    20.111    
    SLICE_X64Y20         FDCE (Setup_fdce_C_D)       -0.025    20.086    count_reg[2]
  -------------------------------------------------------------------
                         required time                         20.086    
                         arrival time                         -11.985    
  -------------------------------------------------------------------
                         slack                                  8.100    

Slack (MET) :             8.401ns  (required time - arrival time)
  Source:                 FSM_sequential_c_state_reg[1]/C
                            (rising edge-triggered cell FDCE clocked by sys_clk_pin  {rise@0.000ns fall@5.000ns period=10.000ns})
  Destination:            FSM_sequential_c_state_reg[0]/D
                            (rising edge-triggered cell FDCE clocked by sys_clk_pin  {rise@0.000ns fall@5.000ns period=10.000ns})
  Path Group:             sys_clk_pin
  Path Type:              Setup (Max at Slow Process Corner)
  Requirement:            10.000ns  (sys_clk_pin rise@10.000ns - sys_clk_pin rise@0.000ns)
  Data Path Delay:        1.641ns  (logic 0.773ns (47.113%)  route 0.868ns (52.887%))
  Logic Levels:           1  (LUT2=1)
  Clock Path Skew:        0.000ns (DCD - SCD + CPR)
    Destination Clock Delay (DCD):    4.853ns = ( 14.853 - 10.000 ) 
    Source Clock Delay      (SCD):    5.151ns
    Clock Pessimism Removal (CPR):    0.298ns
  Clock Uncertainty:      0.035ns  ((TSJ^2 + TIJ^2)^1/2 + DJ) / 2 + PE
    Total System Jitter     (TSJ):    0.071ns
    Total Input Jitter      (TIJ):    0.000ns
    Discrete Jitter          (DJ):    0.000ns
    Phase Error              (PE):    0.000ns

    Location             Delay type                Incr(ns)  Path(ns)    Netlist Resource(s)
  -------------------------------------------------------------------    -------------------
                         (clock sys_clk_pin rise edge)
                                                      0.000     0.000 r  
    W5                                                0.000     0.000 r  clk (IN)
                         net (fo=0)                   0.000     0.000    clk
    W5                   IBUF (Prop_ibuf_I_O)         1.458     1.458 r  clk_IBUF_inst/O
                         net (fo=1, routed)           1.967     3.425    clk_IBUF
    BUFGCTRL_X0Y0        BUFG (Prop_bufg_I_O)         0.096     3.521 r  clk_IBUF_BUFG_inst/O
                         net (fo=6, routed)           1.630     5.151    clk_IBUF_BUFG
    SLICE_X64Y16         FDCE                                         r  FSM_sequential_c_state_reg[1]/C
  -------------------------------------------------------------------    -------------------
    SLICE_X64Y16         FDCE (Prop_fdce_C_Q)         0.478     5.629 f  FSM_sequential_c_state_reg[1]/Q
                         net (fo=3, routed)           0.868     6.497    c_state[1]
    SLICE_X64Y16         LUT2 (Prop_lut2_I1_O)        0.295     6.792 r  FSM_sequential_c_state[0]_i_1/O
                         net (fo=1, routed)           0.000     6.792    n_state[0]
    SLICE_X64Y16         FDCE                                         r  FSM_sequential_c_state_reg[0]/D
  -------------------------------------------------------------------    -------------------

                         (clock sys_clk_pin rise edge)
                                                     10.000    10.000 r  
    W5                                                0.000    10.000 r  clk (IN)
                         net (fo=0)                   0.000    10.000    clk
    W5                   IBUF (Prop_ibuf_I_O)         1.388    11.388 r  clk_IBUF_inst/O
                         net (fo=1, routed)           1.862    13.250    clk_IBUF
    BUFGCTRL_X0Y0        BUFG (Prop_bufg_I_O)         0.091    13.341 r  clk_IBUF_BUFG_inst/O
                         net (fo=6, routed)           1.512    14.853    clk_IBUF_BUFG
    SLICE_X64Y16         FDCE                                         r  FSM_sequential_c_state_reg[0]/C
                         clock pessimism              0.298    15.151    
                         clock uncertainty           -0.035    15.116    
    SLICE_X64Y16         FDCE (Setup_fdce_C_D)        0.077    15.193    FSM_sequential_c_state_reg[0]
  -------------------------------------------------------------------
                         required time                         15.193    
                         arrival time                          -6.792    
  -------------------------------------------------------------------
                         slack                                  8.401    

Slack (MET) :             8.420ns  (required time - arrival time)
  Source:                 FSM_sequential_c_state_reg[1]/C
                            (rising edge-triggered cell FDCE clocked by sys_clk_pin  {rise@0.000ns fall@5.000ns period=10.000ns})
  Destination:            FSM_sequential_c_state_reg[1]/D
                            (rising edge-triggered cell FDCE clocked by sys_clk_pin  {rise@0.000ns fall@5.000ns period=10.000ns})
  Path Group:             sys_clk_pin
  Path Type:              Setup (Max at Slow Process Corner)
  Requirement:            10.000ns  (sys_clk_pin rise@10.000ns - sys_clk_pin rise@0.000ns)
  Data Path Delay:        1.663ns  (logic 0.795ns (47.813%)  route 0.868ns (52.187%))
  Logic Levels:           1  (LUT3=1)
  Clock Path Skew:        0.000ns (DCD - SCD + CPR)
    Destination Clock Delay (DCD):    4.853ns = ( 14.853 - 10.000 ) 
    Source Clock Delay      (SCD):    5.151ns
    Clock Pessimism Removal (CPR):    0.298ns
  Clock Uncertainty:      0.035ns  ((TSJ^2 + TIJ^2)^1/2 + DJ) / 2 + PE
    Total System Jitter     (TSJ):    0.071ns
    Total Input Jitter      (TIJ):    0.000ns
    Discrete Jitter          (DJ):    0.000ns
    Phase Error              (PE):    0.000ns

    Location             Delay type                Incr(ns)  Path(ns)    Netlist Resource(s)
  -------------------------------------------------------------------    -------------------
                         (clock sys_clk_pin rise edge)
                                                      0.000     0.000 r  
    W5                                                0.000     0.000 r  clk (IN)
                         net (fo=0)                   0.000     0.000    clk
    W5                   IBUF (Prop_ibuf_I_O)         1.458     1.458 r  clk_IBUF_inst/O
                         net (fo=1, routed)           1.967     3.425    clk_IBUF
    BUFGCTRL_X0Y0        BUFG (Prop_bufg_I_O)         0.096     3.521 r  clk_IBUF_BUFG_inst/O
                         net (fo=6, routed)           1.630     5.151    clk_IBUF_BUFG
    SLICE_X64Y16         FDCE                                         r  FSM_sequential_c_state_reg[1]/C
  -------------------------------------------------------------------    -------------------
    SLICE_X64Y16         FDCE (Prop_fdce_C_Q)         0.478     5.629 f  FSM_sequential_c_state_reg[1]/Q
                         net (fo=3, routed)           0.868     6.497    c_state[1]
    SLICE_X64Y16         LUT3 (Prop_lut3_I0_O)        0.317     6.814 r  FSM_sequential_c_state[1]_i_1/O
                         net (fo=1, routed)           0.000     6.814    n_state[1]
    SLICE_X64Y16         FDCE                                         r  FSM_sequential_c_state_reg[1]/D
  -------------------------------------------------------------------    -------------------

                         (clock sys_clk_pin rise edge)
                                                     10.000    10.000 r  
    W5                                                0.000    10.000 r  clk (IN)
                         net (fo=0)                   0.000    10.000    clk
    W5                   IBUF (Prop_ibuf_I_O)         1.388    11.388 r  clk_IBUF_inst/O
                         net (fo=1, routed)           1.862    13.250    clk_IBUF
    BUFGCTRL_X0Y0        BUFG (Prop_bufg_I_O)         0.091    13.341 r  clk_IBUF_BUFG_inst/O
                         net (fo=6, routed)           1.512    14.853    clk_IBUF_BUFG
    SLICE_X64Y16         FDCE                                         r  FSM_sequential_c_state_reg[1]/C
                         clock pessimism              0.298    15.151    
                         clock uncertainty           -0.035    15.116    
    SLICE_X64Y16         FDCE (Setup_fdce_C_D)        0.118    15.234    FSM_sequential_c_state_reg[1]
  -------------------------------------------------------------------
                         required time                         15.234    
                         arrival time                          -6.814    
  -------------------------------------------------------------------
                         slack                                  8.420    

Slack (MET) :             8.563ns  (required time - arrival time)
  Source:                 count_reg[2]/C
                            (falling edge-triggered cell FDCE clocked by sys_clk_pin  {rise@0.000ns fall@5.000ns period=10.000ns})
  Destination:            count_reg[1]/D
                            (falling edge-triggered cell FDCE clocked by sys_clk_pin  {rise@0.000ns fall@5.000ns period=10.000ns})
  Path Group:             sys_clk_pin
  Path Type:              Setup (Max at Slow Process Corner)
  Requirement:            10.000ns  (sys_clk_pin fall@15.000ns - sys_clk_pin fall@5.000ns)
  Data Path Delay:        1.483ns  (logic 0.785ns (52.924%)  route 0.698ns (47.076%))
  Logic Levels:           1  (LUT4=1)
  Clock Path Skew:        0.000ns (DCD - SCD + CPR)
    Destination Clock Delay (DCD):    4.849ns = ( 19.849 - 15.000 ) 
    Source Clock Delay      (SCD):    5.146ns = ( 10.146 - 5.000 ) 
    Clock Pessimism Removal (CPR):    0.297ns
  Clock Uncertainty:      0.035ns  ((TSJ^2 + TIJ^2)^1/2 + DJ) / 2 + PE
    Total System Jitter     (TSJ):    0.071ns
    Total Input Jitter      (TIJ):    0.000ns
    Discrete Jitter          (DJ):    0.000ns
    Phase Error              (PE):    0.000ns

    Location             Delay type                Incr(ns)  Path(ns)    Netlist Resource(s)
  -------------------------------------------------------------------    -------------------
                         (clock sys_clk_pin fall edge)
                                                      5.000     5.000 f  
    W5                                                0.000     5.000 f  clk (IN)
                         net (fo=0)                   0.000     5.000    clk
    W5                   IBUF (Prop_ibuf_I_O)         1.458     6.458 f  clk_IBUF_inst/O
                         net (fo=1, routed)           1.967     8.425    clk_IBUF
    BUFGCTRL_X0Y0        BUFG (Prop_bufg_I_O)         0.096     8.521 f  clk_IBUF_BUFG_inst/O
                         net (fo=6, routed)           1.625    10.146    clk_IBUF_BUFG
    SLICE_X64Y20         FDCE                                         r  count_reg[2]/C  (IS_INVERTED)
  -------------------------------------------------------------------    -------------------
    SLICE_X64Y20         FDCE (Prop_fdce_C_Q)         0.484    10.630 r  count_reg[2]/Q
                         net (fo=10, routed)          0.698    11.329    count[2]
    SLICE_X64Y20         LUT4 (Prop_lut4_I0_O)        0.301    11.630 r  count[1]_i_1/O
                         net (fo=1, routed)           0.000    11.630    count[1]_i_1_n_0
    SLICE_X64Y20         FDCE                                         r  count_reg[1]/D
  -------------------------------------------------------------------    -------------------

                         (clock sys_clk_pin fall edge)
                                                     15.000    15.000 f  
    W5                                                0.000    15.000 f  clk (IN)
                         net (fo=0)                   0.000    15.000    clk
    W5                   IBUF (Prop_ibuf_I_O)         1.388    16.388 f  clk_IBUF_inst/O
                         net (fo=1, routed)           1.862    18.250    clk_IBUF
    BUFGCTRL_X0Y0        BUFG (Prop_bufg_I_O)         0.091    18.341 f  clk_IBUF_BUFG_inst/O
                         net (fo=6, routed)           1.508    19.849    clk_IBUF_BUFG
    SLICE_X64Y20         FDCE                                         r  count_reg[1]/C  (IS_INVERTED)
                         clock pessimism              0.297    20.146    
                         clock uncertainty           -0.035    20.111    
    SLICE_X64Y20         FDCE (Setup_fdce_C_D)        0.082    20.193    count_reg[1]
  -------------------------------------------------------------------
                         required time                         20.193    
                         arrival time                         -11.630    
  -------------------------------------------------------------------
                         slack                                  8.563    

Slack (MET) :             8.578ns  (required time - arrival time)
  Source:                 count_reg[2]/C
                            (falling edge-triggered cell FDCE clocked by sys_clk_pin  {rise@0.000ns fall@5.000ns period=10.000ns})
  Destination:            count_reg[3]/D
                            (falling edge-triggered cell FDCE clocked by sys_clk_pin  {rise@0.000ns fall@5.000ns period=10.000ns})
  Path Group:             sys_clk_pin
  Path Type:              Setup (Max at Slow Process Corner)
  Requirement:            10.000ns  (sys_clk_pin fall@15.000ns - sys_clk_pin fall@5.000ns)
  Data Path Delay:        1.509ns  (logic 0.811ns (53.735%)  route 0.698ns (46.265%))
  Logic Levels:           1  (LUT4=1)
  Clock Path Skew:        0.000ns (DCD - SCD + CPR)
    Destination Clock Delay (DCD):    4.849ns = ( 19.849 - 15.000 ) 
    Source Clock Delay      (SCD):    5.146ns = ( 10.146 - 5.000 ) 
    Clock Pessimism Removal (CPR):    0.297ns
  Clock Uncertainty:      0.035ns  ((TSJ^2 + TIJ^2)^1/2 + DJ) / 2 + PE
    Total System Jitter     (TSJ):    0.071ns
    Total Input Jitter      (TIJ):    0.000ns
    Discrete Jitter          (DJ):    0.000ns
    Phase Error              (PE):    0.000ns

    Location             Delay type                Incr(ns)  Path(ns)    Netlist Resource(s)
  -------------------------------------------------------------------    -------------------
                         (clock sys_clk_pin fall edge)
                                                      5.000     5.000 f  
    W5                                                0.000     5.000 f  clk (IN)
                         net (fo=0)                   0.000     5.000    clk
    W5                   IBUF (Prop_ibuf_I_O)         1.458     6.458 f  clk_IBUF_inst/O
                         net (fo=1, routed)           1.967     8.425    clk_IBUF
    BUFGCTRL_X0Y0        BUFG (Prop_bufg_I_O)         0.096     8.521 f  clk_IBUF_BUFG_inst/O
                         net (fo=6, routed)           1.625    10.146    clk_IBUF_BUFG
    SLICE_X64Y20         FDCE                                         r  count_reg[2]/C  (IS_INVERTED)
  -------------------------------------------------------------------    -------------------
    SLICE_X64Y20         FDCE (Prop_fdce_C_Q)         0.484    10.630 r  count_reg[2]/Q
                         net (fo=10, routed)          0.698    11.329    count[2]
    SLICE_X64Y20         LUT4 (Prop_lut4_I0_O)        0.327    11.656 r  count[3]_i_2/O
                         net (fo=1, routed)           0.000    11.656    count[3]_i_2_n_0
    SLICE_X64Y20         FDCE                                         r  count_reg[3]/D
  -------------------------------------------------------------------    -------------------

                         (clock sys_clk_pin fall edge)
                                                     15.000    15.000 f  
    W5                                                0.000    15.000 f  clk (IN)
                         net (fo=0)                   0.000    15.000    clk
    W5                   IBUF (Prop_ibuf_I_O)         1.388    16.388 f  clk_IBUF_inst/O
                         net (fo=1, routed)           1.862    18.250    clk_IBUF
    BUFGCTRL_X0Y0        BUFG (Prop_bufg_I_O)         0.091    18.341 f  clk_IBUF_BUFG_inst/O
                         net (fo=6, routed)           1.508    19.849    clk_IBUF_BUFG
    SLICE_X64Y20         FDCE                                         r  count_reg[3]/C  (IS_INVERTED)
                         clock pessimism              0.297    20.146    
                         clock uncertainty           -0.035    20.111    
    SLICE_X64Y20         FDCE (Setup_fdce_C_D)        0.123    20.234    count_reg[3]
  -------------------------------------------------------------------
                         required time                         20.234    
                         arrival time                         -11.656    
  -------------------------------------------------------------------
                         slack                                  8.578    

Slack (MET) :             8.704ns  (required time - arrival time)
  Source:                 count_reg[0]/C
                            (falling edge-triggered cell FDCE clocked by sys_clk_pin  {rise@0.000ns fall@5.000ns period=10.000ns})
  Destination:            count_reg[0]/D
                            (falling edge-triggered cell FDCE clocked by sys_clk_pin  {rise@0.000ns fall@5.000ns period=10.000ns})
  Path Group:             sys_clk_pin
  Path Type:              Setup (Max at Slow Process Corner)
  Requirement:            10.000ns  (sys_clk_pin fall@15.000ns - sys_clk_pin fall@5.000ns)
  Data Path Delay:        1.347ns  (logic 0.648ns (48.123%)  route 0.699ns (51.877%))
  Logic Levels:           1  (LUT1=1)
  Clock Path Skew:        0.000ns (DCD - SCD + CPR)
    Destination Clock Delay (DCD):    4.849ns = ( 19.849 - 15.000 ) 
    Source Clock Delay      (SCD):    5.146ns = ( 10.146 - 5.000 ) 
    Clock Pessimism Removal (CPR):    0.297ns
  Clock Uncertainty:      0.035ns  ((TSJ^2 + TIJ^2)^1/2 + DJ) / 2 + PE
    Total System Jitter     (TSJ):    0.071ns
    Total Input Jitter      (TIJ):    0.000ns
    Discrete Jitter          (DJ):    0.000ns
    Phase Error              (PE):    0.000ns

    Location             Delay type                Incr(ns)  Path(ns)    Netlist Resource(s)
  -------------------------------------------------------------------    -------------------
                         (clock sys_clk_pin fall edge)
                                                      5.000     5.000 f  
    W5                                                0.000     5.000 f  clk (IN)
                         net (fo=0)                   0.000     5.000    clk
    W5                   IBUF (Prop_ibuf_I_O)         1.458     6.458 f  clk_IBUF_inst/O
                         net (fo=1, routed)           1.967     8.425    clk_IBUF
    BUFGCTRL_X0Y0        BUFG (Prop_bufg_I_O)         0.096     8.521 f  clk_IBUF_BUFG_inst/O
                         net (fo=6, routed)           1.625    10.146    clk_IBUF_BUFG
    SLICE_X64Y20         FDCE                                         r  count_reg[0]/C  (IS_INVERTED)
  -------------------------------------------------------------------    -------------------
    SLICE_X64Y20         FDCE (Prop_fdce_C_Q)         0.524    10.670 f  count_reg[0]/Q
                         net (fo=11, routed)          0.699    11.369    count[0]
    SLICE_X64Y20         LUT1 (Prop_lut1_I0_O)        0.124    11.493 r  count[0]_i_1/O
                         net (fo=1, routed)           0.000    11.493    count[0]_i_1_n_0
    SLICE_X64Y20         FDCE                                         r  count_reg[0]/D
  -------------------------------------------------------------------    -------------------

                         (clock sys_clk_pin fall edge)
                                                     15.000    15.000 f  
    W5                                                0.000    15.000 f  clk (IN)
                         net (fo=0)                   0.000    15.000    clk
    W5                   IBUF (Prop_ibuf_I_O)         1.388    16.388 f  clk_IBUF_inst/O
                         net (fo=1, routed)           1.862    18.250    clk_IBUF
    BUFGCTRL_X0Y0        BUFG (Prop_bufg_I_O)         0.091    18.341 f  clk_IBUF_BUFG_inst/O
                         net (fo=6, routed)           1.508    19.849    clk_IBUF_BUFG
    SLICE_X64Y20         FDCE                                         r  count_reg[0]/C  (IS_INVERTED)
                         clock pessimism              0.297    20.146    
                         clock uncertainty           -0.035    20.111    
    SLICE_X64Y20         FDCE (Setup_fdce_C_D)        0.086    20.197    count_reg[0]
  -------------------------------------------------------------------
                         required time                         20.197    
                         arrival time                         -11.493    
  -------------------------------------------------------------------
                         slack                                  8.704    





Min Delay Paths
--------------------------------------------------------------------------------------
Slack (MET) :             0.250ns  (arrival time - required time)
  Source:                 FSM_sequential_c_state_reg[0]/C
                            (rising edge-triggered cell FDCE clocked by sys_clk_pin  {rise@0.000ns fall@5.000ns period=10.000ns})
  Destination:            FSM_sequential_c_state_reg[1]/D
                            (rising edge-triggered cell FDCE clocked by sys_clk_pin  {rise@0.000ns fall@5.000ns period=10.000ns})
  Path Group:             sys_clk_pin
  Path Type:              Hold (Min at Fast Process Corner)
  Requirement:            0.000ns  (sys_clk_pin rise@0.000ns - sys_clk_pin rise@0.000ns)
  Data Path Delay:        0.381ns  (logic 0.207ns (54.301%)  route 0.174ns (45.699%))
  Logic Levels:           1  (LUT3=1)
  Clock Path Skew:        0.000ns (DCD - SCD - CPR)
    Destination Clock Delay (DCD):    1.986ns
    Source Clock Delay      (SCD):    1.473ns
    Clock Pessimism Removal (CPR):    0.513ns

    Location             Delay type                Incr(ns)  Path(ns)    Netlist Resource(s)
  -------------------------------------------------------------------    -------------------
                         (clock sys_clk_pin rise edge)
                                                      0.000     0.000 r  
    W5                                                0.000     0.000 r  clk (IN)
                         net (fo=0)                   0.000     0.000    clk
    W5                   IBUF (Prop_ibuf_I_O)         0.226     0.226 r  clk_IBUF_inst/O
                         net (fo=1, routed)           0.631     0.858    clk_IBUF
    BUFGCTRL_X0Y0        BUFG (Prop_bufg_I_O)         0.026     0.884 r  clk_IBUF_BUFG_inst/O
                         net (fo=6, routed)           0.590     1.473    clk_IBUF_BUFG
    SLICE_X64Y16         FDCE                                         r  FSM_sequential_c_state_reg[0]/C
  -------------------------------------------------------------------    -------------------
    SLICE_X64Y16         FDCE (Prop_fdce_C_Q)         0.164     1.637 r  FSM_sequential_c_state_reg[0]/Q
                         net (fo=2, routed)           0.174     1.811    c_state[0]
    SLICE_X64Y16         LUT3 (Prop_lut3_I1_O)        0.043     1.854 r  FSM_sequential_c_state[1]_i_1/O
                         net (fo=1, routed)           0.000     1.854    n_state[1]
    SLICE_X64Y16         FDCE                                         r  FSM_sequential_c_state_reg[1]/D
  -------------------------------------------------------------------    -------------------

                         (clock sys_clk_pin rise edge)
                                                      0.000     0.000 r  
    W5                                                0.000     0.000 r  clk (IN)
                         net (fo=0)                   0.000     0.000    clk
    W5                   IBUF (Prop_ibuf_I_O)         0.414     0.414 r  clk_IBUF_inst/O
                         net (fo=1, routed)           0.685     1.099    clk_IBUF
    BUFGCTRL_X0Y0        BUFG (Prop_bufg_I_O)         0.029     1.128 r  clk_IBUF_BUFG_inst/O
                         net (fo=6, routed)           0.859     1.986    clk_IBUF_BUFG
    SLICE_X64Y16         FDCE                                         r  FSM_sequential_c_state_reg[1]/C
                         clock pessimism             -0.513     1.473    
    SLICE_X64Y16         FDCE (Hold_fdce_C_D)         0.131     1.604    FSM_sequential_c_state_reg[1]
  -------------------------------------------------------------------
                         required time                         -1.604    
                         arrival time                           1.854    
  -------------------------------------------------------------------
                         slack                                  0.250    

Slack (MET) :             0.283ns  (arrival time - required time)
  Source:                 count_reg[1]/C
                            (falling edge-triggered cell FDCE clocked by sys_clk_pin  {rise@0.000ns fall@5.000ns period=10.000ns})
  Destination:            count_reg[3]/D
                            (falling edge-triggered cell FDCE clocked by sys_clk_pin  {rise@0.000ns fall@5.000ns period=10.000ns})
  Path Group:             sys_clk_pin
  Path Type:              Hold (Min at Fast Process Corner)
  Requirement:            0.000ns  (sys_clk_pin fall@5.000ns - sys_clk_pin fall@5.000ns)
  Data Path Delay:        0.418ns  (logic 0.210ns (50.297%)  route 0.208ns (49.703%))
  Logic Levels:           1  (LUT4=1)
  Clock Path Skew:        0.000ns (DCD - SCD - CPR)
    Destination Clock Delay (DCD):    1.982ns = ( 6.982 - 5.000 ) 
    Source Clock Delay      (SCD):    1.469ns = ( 6.469 - 5.000 ) 
    Clock Pessimism Removal (CPR):    0.513ns

    Location             Delay type                Incr(ns)  Path(ns)    Netlist Resource(s)
  -------------------------------------------------------------------    -------------------
                         (clock sys_clk_pin fall edge)
                                                      5.000     5.000 f  
    W5                                                0.000     5.000 f  clk (IN)
                         net (fo=0)                   0.000     5.000    clk
    W5                   IBUF (Prop_ibuf_I_O)         0.226     5.226 f  clk_IBUF_inst/O
                         net (fo=1, routed)           0.631     5.858    clk_IBUF
    BUFGCTRL_X0Y0        BUFG (Prop_bufg_I_O)         0.026     5.884 f  clk_IBUF_BUFG_inst/O
                         net (fo=6, routed)           0.586     6.469    clk_IBUF_BUFG
    SLICE_X64Y20         FDCE                                         r  count_reg[1]/C  (IS_INVERTED)
  -------------------------------------------------------------------    -------------------
    SLICE_X64Y20         FDCE (Prop_fdce_C_Q)         0.167     6.636 r  count_reg[1]/Q
                         net (fo=10, routed)          0.208     6.844    count[1]
    SLICE_X64Y20         LUT4 (Prop_lut4_I3_O)        0.043     6.887 r  count[3]_i_2/O
                         net (fo=1, routed)           0.000     6.887    count[3]_i_2_n_0
    SLICE_X64Y20         FDCE                                         r  count_reg[3]/D
  -------------------------------------------------------------------    -------------------

                         (clock sys_clk_pin fall edge)
                                                      5.000     5.000 f  
    W5                                                0.000     5.000 f  clk (IN)
                         net (fo=0)                   0.000     5.000    clk
    W5                   IBUF (Prop_ibuf_I_O)         0.414     5.414 f  clk_IBUF_inst/O
                         net (fo=1, routed)           0.685     6.099    clk_IBUF
    BUFGCTRL_X0Y0        BUFG (Prop_bufg_I_O)         0.029     6.128 f  clk_IBUF_BUFG_inst/O
                         net (fo=6, routed)           0.855     6.982    clk_IBUF_BUFG
    SLICE_X64Y20         FDCE                                         r  count_reg[3]/C  (IS_INVERTED)
                         clock pessimism             -0.513     6.469    
    SLICE_X64Y20         FDCE (Hold_fdce_C_D)         0.135     6.604    count_reg[3]
  -------------------------------------------------------------------
                         required time                         -6.604    
                         arrival time                           6.887    
  -------------------------------------------------------------------
                         slack                                  0.283    

Slack (MET) :             0.296ns  (arrival time - required time)
  Source:                 count_reg[1]/C
                            (falling edge-triggered cell FDCE clocked by sys_clk_pin  {rise@0.000ns fall@5.000ns period=10.000ns})
  Destination:            count_reg[1]/D
                            (falling edge-triggered cell FDCE clocked by sys_clk_pin  {rise@0.000ns fall@5.000ns period=10.000ns})
  Path Group:             sys_clk_pin
  Path Type:              Hold (Min at Fast Process Corner)
  Requirement:            0.000ns  (sys_clk_pin fall@5.000ns - sys_clk_pin fall@5.000ns)
  Data Path Delay:        0.420ns  (logic 0.212ns (50.534%)  route 0.208ns (49.466%))
  Logic Levels:           1  (LUT4=1)
  Clock Path Skew:        0.000ns (DCD - SCD - CPR)
    Destination Clock Delay (DCD):    1.982ns = ( 6.982 - 5.000 ) 
    Source Clock Delay      (SCD):    1.469ns = ( 6.469 - 5.000 ) 
    Clock Pessimism Removal (CPR):    0.513ns

    Location             Delay type                Incr(ns)  Path(ns)    Netlist Resource(s)
  -------------------------------------------------------------------    -------------------
                         (clock sys_clk_pin fall edge)
                                                      5.000     5.000 f  
    W5                                                0.000     5.000 f  clk (IN)
                         net (fo=0)                   0.000     5.000    clk
    W5                   IBUF (Prop_ibuf_I_O)         0.226     5.226 f  clk_IBUF_inst/O
                         net (fo=1, routed)           0.631     5.858    clk_IBUF
    BUFGCTRL_X0Y0        BUFG (Prop_bufg_I_O)         0.026     5.884 f  clk_IBUF_BUFG_inst/O
                         net (fo=6, routed)           0.586     6.469    clk_IBUF_BUFG
    SLICE_X64Y20         FDCE                                         r  count_reg[1]/C  (IS_INVERTED)
  -------------------------------------------------------------------    -------------------
    SLICE_X64Y20         FDCE (Prop_fdce_C_Q)         0.167     6.636 r  count_reg[1]/Q
                         net (fo=10, routed)          0.208     6.844    count[1]
    SLICE_X64Y20         LUT4 (Prop_lut4_I3_O)        0.045     6.889 r  count[1]_i_1/O
                         net (fo=1, routed)           0.000     6.889    count[1]_i_1_n_0
    SLICE_X64Y20         FDCE                                         r  count_reg[1]/D
  -------------------------------------------------------------------    -------------------

                         (clock sys_clk_pin fall edge)
                                                      5.000     5.000 f  
    W5                                                0.000     5.000 f  clk (IN)
                         net (fo=0)                   0.000     5.000    clk
    W5                   IBUF (Prop_ibuf_I_O)         0.414     5.414 f  clk_IBUF_inst/O
                         net (fo=1, routed)           0.685     6.099    clk_IBUF
    BUFGCTRL_X0Y0        BUFG (Prop_bufg_I_O)         0.029     6.128 f  clk_IBUF_BUFG_inst/O
                         net (fo=6, routed)           0.855     6.982    clk_IBUF_BUFG
    SLICE_X64Y20         FDCE                                         r  count_reg[1]/C  (IS_INVERTED)
                         clock pessimism             -0.513     6.469    
    SLICE_X64Y20         FDCE (Hold_fdce_C_D)         0.124     6.593    count_reg[1]
  -------------------------------------------------------------------
                         required time                         -6.593    
                         arrival time                           6.889    
  -------------------------------------------------------------------
                         slack                                  0.296    

Slack (MET) :             0.354ns  (arrival time - required time)
  Source:                 count_reg[0]/C
                            (falling edge-triggered cell FDCE clocked by sys_clk_pin  {rise@0.000ns fall@5.000ns period=10.000ns})
  Destination:            count_reg[0]/D
                            (falling edge-triggered cell FDCE clocked by sys_clk_pin  {rise@0.000ns fall@5.000ns period=10.000ns})
  Path Group:             sys_clk_pin
  Path Type:              Hold (Min at Fast Process Corner)
  Requirement:            0.000ns  (sys_clk_pin fall@5.000ns - sys_clk_pin fall@5.000ns)
  Data Path Delay:        0.479ns  (logic 0.212ns (44.300%)  route 0.267ns (55.700%))
  Logic Levels:           1  (LUT1=1)
  Clock Path Skew:        0.000ns (DCD - SCD - CPR)
    Destination Clock Delay (DCD):    1.982ns = ( 6.982 - 5.000 ) 
    Source Clock Delay      (SCD):    1.469ns = ( 6.469 - 5.000 ) 
    Clock Pessimism Removal (CPR):    0.513ns

    Location             Delay type                Incr(ns)  Path(ns)    Netlist Resource(s)
  -------------------------------------------------------------------    -------------------
                         (clock sys_clk_pin fall edge)
                                                      5.000     5.000 f  
    W5                                                0.000     5.000 f  clk (IN)
                         net (fo=0)                   0.000     5.000    clk
    W5                   IBUF (Prop_ibuf_I_O)         0.226     5.226 f  clk_IBUF_inst/O
                         net (fo=1, routed)           0.631     5.858    clk_IBUF
    BUFGCTRL_X0Y0        BUFG (Prop_bufg_I_O)         0.026     5.884 f  clk_IBUF_BUFG_inst/O
                         net (fo=6, routed)           0.586     6.469    clk_IBUF_BUFG
    SLICE_X64Y20         FDCE                                         r  count_reg[0]/C  (IS_INVERTED)
  -------------------------------------------------------------------    -------------------
    SLICE_X64Y20         FDCE (Prop_fdce_C_Q)         0.167     6.636 f  count_reg[0]/Q
                         net (fo=11, routed)          0.267     6.903    count[0]
    SLICE_X64Y20         LUT1 (Prop_lut1_I0_O)        0.045     6.948 r  count[0]_i_1/O
                         net (fo=1, routed)           0.000     6.948    count[0]_i_1_n_0
    SLICE_X64Y20         FDCE                                         r  count_reg[0]/D
  -------------------------------------------------------------------    -------------------

                         (clock sys_clk_pin fall edge)
                                                      5.000     5.000 f  
    W5                                                0.000     5.000 f  clk (IN)
                         net (fo=0)                   0.000     5.000    clk
    W5                   IBUF (Prop_ibuf_I_O)         0.414     5.414 f  clk_IBUF_inst/O
                         net (fo=1, routed)           0.685     6.099    clk_IBUF
    BUFGCTRL_X0Y0        BUFG (Prop_bufg_I_O)         0.029     6.128 f  clk_IBUF_BUFG_inst/O
                         net (fo=6, routed)           0.855     6.982    clk_IBUF_BUFG
    SLICE_X64Y20         FDCE                                         r  count_reg[0]/C  (IS_INVERTED)
                         clock pessimism             -0.513     6.469    
    SLICE_X64Y20         FDCE (Hold_fdce_C_D)         0.125     6.594    count_reg[0]
  -------------------------------------------------------------------
                         required time                         -6.594    
                         arrival time                           6.948    
  -------------------------------------------------------------------
                         slack                                  0.354    

Slack (MET) :             0.427ns  (arrival time - required time)
  Source:                 FSM_sequential_c_state_reg[1]/C
                            (rising edge-triggered cell FDCE clocked by sys_clk_pin  {rise@0.000ns fall@5.000ns period=10.000ns})
  Destination:            FSM_sequential_c_state_reg[0]/D
                            (rising edge-triggered cell FDCE clocked by sys_clk_pin  {rise@0.000ns fall@5.000ns period=10.000ns})
  Path Group:             sys_clk_pin
  Path Type:              Hold (Min at Fast Process Corner)
  Requirement:            0.000ns  (sys_clk_pin rise@0.000ns - sys_clk_pin rise@0.000ns)
  Data Path Delay:        0.547ns  (logic 0.246ns (44.995%)  route 0.301ns (55.005%))
  Logic Levels:           1  (LUT2=1)
  Clock Path Skew:        0.000ns (DCD - SCD - CPR)
    Destination Clock Delay (DCD):    1.986ns
    Source Clock Delay      (SCD):    1.473ns
    Clock Pessimism Removal (CPR):    0.513ns

    Location             Delay type                Incr(ns)  Path(ns)    Netlist Resource(s)
  -------------------------------------------------------------------    -------------------
                         (clock sys_clk_pin rise edge)
                                                      0.000     0.000 r  
    W5                                                0.000     0.000 r  clk (IN)
                         net (fo=0)                   0.000     0.000    clk
    W5                   IBUF (Prop_ibuf_I_O)         0.226     0.226 r  clk_IBUF_inst/O
                         net (fo=1, routed)           0.631     0.858    clk_IBUF
    BUFGCTRL_X0Y0        BUFG (Prop_bufg_I_O)         0.026     0.884 r  clk_IBUF_BUFG_inst/O
                         net (fo=6, routed)           0.590     1.473    clk_IBUF_BUFG
    SLICE_X64Y16         FDCE                                         r  FSM_sequential_c_state_reg[1]/C
  -------------------------------------------------------------------    -------------------
    SLICE_X64Y16         FDCE (Prop_fdce_C_Q)         0.148     1.621 f  FSM_sequential_c_state_reg[1]/Q
                         net (fo=3, routed)           0.301     1.922    c_state[1]
    SLICE_X64Y16         LUT2 (Prop_lut2_I1_O)        0.098     2.020 r  FSM_sequential_c_state[0]_i_1/O
                         net (fo=1, routed)           0.000     2.020    n_state[0]
    SLICE_X64Y16         FDCE                                         r  FSM_sequential_c_state_reg[0]/D
  -------------------------------------------------------------------    -------------------

                         (clock sys_clk_pin rise edge)
                                                      0.000     0.000 r  
    W5                                                0.000     0.000 r  clk (IN)
                         net (fo=0)                   0.000     0.000    clk
    W5                   IBUF (Prop_ibuf_I_O)         0.414     0.414 r  clk_IBUF_inst/O
                         net (fo=1, routed)           0.685     1.099    clk_IBUF
    BUFGCTRL_X0Y0        BUFG (Prop_bufg_I_O)         0.029     1.128 r  clk_IBUF_BUFG_inst/O
                         net (fo=6, routed)           0.859     1.986    clk_IBUF_BUFG
    SLICE_X64Y16         FDCE                                         r  FSM_sequential_c_state_reg[0]/C
                         clock pessimism             -0.513     1.473    
    SLICE_X64Y16         FDCE (Hold_fdce_C_D)         0.120     1.593    FSM_sequential_c_state_reg[0]
  -------------------------------------------------------------------
                         required time                         -1.593    
                         arrival time                           2.020    
  -------------------------------------------------------------------
                         slack                                  0.427    

Slack (MET) :             0.537ns  (arrival time - required time)
  Source:                 count_reg[0]/C
                            (falling edge-triggered cell FDCE clocked by sys_clk_pin  {rise@0.000ns fall@5.000ns period=10.000ns})
  Destination:            count_reg[2]/D
                            (falling edge-triggered cell FDCE clocked by sys_clk_pin  {rise@0.000ns fall@5.000ns period=10.000ns})
  Path Group:             sys_clk_pin
  Path Type:              Hold (Min at Fast Process Corner)
  Requirement:            0.000ns  (sys_clk_pin fall@5.000ns - sys_clk_pin fall@5.000ns)
  Data Path Delay:        0.594ns  (logic 0.212ns (35.712%)  route 0.382ns (64.288%))
  Logic Levels:           1  (LUT3=1)
  Clock Path Skew:        0.000ns (DCD - SCD - CPR)
    Destination Clock Delay (DCD):    1.982ns = ( 6.982 - 5.000 ) 
    Source Clock Delay      (SCD):    1.469ns = ( 6.469 - 5.000 ) 
    Clock Pessimism Removal (CPR):    0.513ns

    Location             Delay type                Incr(ns)  Path(ns)    Netlist Resource(s)
  -------------------------------------------------------------------    -------------------
                         (clock sys_clk_pin fall edge)
                                                      5.000     5.000 f  
    W5                                                0.000     5.000 f  clk (IN)
                         net (fo=0)                   0.000     5.000    clk
    W5                   IBUF (Prop_ibuf_I_O)         0.226     5.226 f  clk_IBUF_inst/O
                         net (fo=1, routed)           0.631     5.858    clk_IBUF
    BUFGCTRL_X0Y0        BUFG (Prop_bufg_I_O)         0.026     5.884 f  clk_IBUF_BUFG_inst/O
                         net (fo=6, routed)           0.586     6.469    clk_IBUF_BUFG
    SLICE_X64Y20         FDCE                                         r  count_reg[0]/C  (IS_INVERTED)
  -------------------------------------------------------------------    -------------------
    SLICE_X64Y20         FDCE (Prop_fdce_C_Q)         0.167     6.636 r  count_reg[0]/Q
                         net (fo=11, routed)          0.266     6.902    count[0]
    SLICE_X65Y20         LUT3 (Prop_lut3_I1_O)        0.045     6.947 r  count[2]_i_1/O
                         net (fo=1, routed)           0.116     7.063    count[2]_i_1_n_0
    SLICE_X64Y20         FDCE                                         r  count_reg[2]/D
  -------------------------------------------------------------------    -------------------

                         (clock sys_clk_pin fall edge)
                                                      5.000     5.000 f  
    W5                                                0.000     5.000 f  clk (IN)
                         net (fo=0)                   0.000     5.000    clk
    W5                   IBUF (Prop_ibuf_I_O)         0.414     5.414 f  clk_IBUF_inst/O
                         net (fo=1, routed)           0.685     6.099    clk_IBUF
    BUFGCTRL_X0Y0        BUFG (Prop_bufg_I_O)         0.029     6.128 f  clk_IBUF_BUFG_inst/O
                         net (fo=6, routed)           0.855     6.982    clk_IBUF_BUFG
    SLICE_X64Y20         FDCE                                         r  count_reg[2]/C  (IS_INVERTED)
                         clock pessimism             -0.513     6.469    
    SLICE_X64Y20         FDCE (Hold_fdce_C_D)         0.057     6.526    count_reg[2]
  -------------------------------------------------------------------
                         required time                         -6.526    
                         arrival time                           7.063    
  -------------------------------------------------------------------
                         slack                                  0.537    

Slack (MET) :             5.520ns  (arrival time - required time)
  Source:                 FSM_sequential_c_state_reg[1]/C
                            (rising edge-triggered cell FDCE clocked by sys_clk_pin  {rise@0.000ns fall@5.000ns period=10.000ns})
  Destination:            count_reg[0]/CE
                            (falling edge-triggered cell FDCE clocked by sys_clk_pin  {rise@0.000ns fall@5.000ns period=10.000ns})
  Path Group:             sys_clk_pin
  Path Type:              Hold (Min at Fast Process Corner)
  Requirement:            -5.000ns  (sys_clk_pin fall@5.000ns - sys_clk_pin rise@10.000ns)
  Data Path Delay:        0.554ns  (logic 0.246ns (44.438%)  route 0.308ns (55.562%))
  Logic Levels:           1  (LUT2=1)
  Clock Path Skew:        0.010ns (DCD - SCD - CPR)
    Destination Clock Delay (DCD):    1.982ns = ( 6.982 - 5.000 ) 
    Source Clock Delay      (SCD):    1.473ns = ( 11.473 - 10.000 ) 
    Clock Pessimism Removal (CPR):    0.499ns
  Clock Uncertainty:      0.035ns  ((TSJ^2 + TIJ^2)^1/2 + DJ) / 2 + PE
    Total System Jitter     (TSJ):    0.071ns
    Total Input Jitter      (TIJ):    0.000ns
    Discrete Jitter          (DJ):    0.000ns
    Phase Error              (PE):    0.000ns

    Location             Delay type                Incr(ns)  Path(ns)    Netlist Resource(s)
  -------------------------------------------------------------------    -------------------
                         (clock sys_clk_pin rise edge)
                                                     10.000    10.000 r  
    W5                                                0.000    10.000 r  clk (IN)
                         net (fo=0)                   0.000    10.000    clk
    W5                   IBUF (Prop_ibuf_I_O)         0.226    10.226 r  clk_IBUF_inst/O
                         net (fo=1, routed)           0.631    10.858    clk_IBUF
    BUFGCTRL_X0Y0        BUFG (Prop_bufg_I_O)         0.026    10.884 r  clk_IBUF_BUFG_inst/O
                         net (fo=6, routed)           0.590    11.473    clk_IBUF_BUFG
    SLICE_X64Y16         FDCE                                         r  FSM_sequential_c_state_reg[1]/C
  -------------------------------------------------------------------    -------------------
    SLICE_X64Y16         FDCE (Prop_fdce_C_Q)         0.148    11.621 r  FSM_sequential_c_state_reg[1]/Q
                         net (fo=3, routed)           0.071    11.692    c_state[1]
    SLICE_X64Y16         LUT2 (Prop_lut2_I0_O)        0.098    11.790 r  count[3]_i_1/O
                         net (fo=4, routed)           0.236    12.027    count[3]_i_1_n_0
    SLICE_X64Y20         FDCE                                         r  count_reg[0]/CE
  -------------------------------------------------------------------    -------------------

                         (clock sys_clk_pin fall edge)
                                                      5.000     5.000 f  
    W5                                                0.000     5.000 f  clk (IN)
                         net (fo=0)                   0.000     5.000    clk
    W5                   IBUF (Prop_ibuf_I_O)         0.414     5.414 f  clk_IBUF_inst/O
                         net (fo=1, routed)           0.685     6.099    clk_IBUF
    BUFGCTRL_X0Y0        BUFG (Prop_bufg_I_O)         0.029     6.128 f  clk_IBUF_BUFG_inst/O
                         net (fo=6, routed)           0.855     6.982    clk_IBUF_BUFG
    SLICE_X64Y20         FDCE                                         r  count_reg[0]/C  (IS_INVERTED)
                         clock pessimism             -0.499     6.483    
                         clock uncertainty            0.035     6.518    
    SLICE_X64Y20         FDCE (Hold_fdce_C_CE)       -0.012     6.506    count_reg[0]
  -------------------------------------------------------------------
                         required time                         -6.506    
                         arrival time                          12.027    
  -------------------------------------------------------------------
                         slack                                  5.520    

Slack (MET) :             5.520ns  (arrival time - required time)
  Source:                 FSM_sequential_c_state_reg[1]/C
                            (rising edge-triggered cell FDCE clocked by sys_clk_pin  {rise@0.000ns fall@5.000ns period=10.000ns})
  Destination:            count_reg[1]/CE
                            (falling edge-triggered cell FDCE clocked by sys_clk_pin  {rise@0.000ns fall@5.000ns period=10.000ns})
  Path Group:             sys_clk_pin
  Path Type:              Hold (Min at Fast Process Corner)
  Requirement:            -5.000ns  (sys_clk_pin fall@5.000ns - sys_clk_pin rise@10.000ns)
  Data Path Delay:        0.554ns  (logic 0.246ns (44.438%)  route 0.308ns (55.562%))
  Logic Levels:           1  (LUT2=1)
  Clock Path Skew:        0.010ns (DCD - SCD - CPR)
    Destination Clock Delay (DCD):    1.982ns = ( 6.982 - 5.000 ) 
    Source Clock Delay      (SCD):    1.473ns = ( 11.473 - 10.000 ) 
    Clock Pessimism Removal (CPR):    0.499ns
  Clock Uncertainty:      0.035ns  ((TSJ^2 + TIJ^2)^1/2 + DJ) / 2 + PE
    Total System Jitter     (TSJ):    0.071ns
    Total Input Jitter      (TIJ):    0.000ns
    Discrete Jitter          (DJ):    0.000ns
    Phase Error              (PE):    0.000ns

    Location             Delay type                Incr(ns)  Path(ns)    Netlist Resource(s)
  -------------------------------------------------------------------    -------------------
                         (clock sys_clk_pin rise edge)
                                                     10.000    10.000 r  
    W5                                                0.000    10.000 r  clk (IN)
                         net (fo=0)                   0.000    10.000    clk
    W5                   IBUF (Prop_ibuf_I_O)         0.226    10.226 r  clk_IBUF_inst/O
                         net (fo=1, routed)           0.631    10.858    clk_IBUF
    BUFGCTRL_X0Y0        BUFG (Prop_bufg_I_O)         0.026    10.884 r  clk_IBUF_BUFG_inst/O
                         net (fo=6, routed)           0.590    11.473    clk_IBUF_BUFG
    SLICE_X64Y16         FDCE                                         r  FSM_sequential_c_state_reg[1]/C
  -------------------------------------------------------------------    -------------------
    SLICE_X64Y16         FDCE (Prop_fdce_C_Q)         0.148    11.621 r  FSM_sequential_c_state_reg[1]/Q
                         net (fo=3, routed)           0.071    11.692    c_state[1]
    SLICE_X64Y16         LUT2 (Prop_lut2_I0_O)        0.098    11.790 r  count[3]_i_1/O
                         net (fo=4, routed)           0.236    12.027    count[3]_i_1_n_0
    SLICE_X64Y20         FDCE                                         r  count_reg[1]/CE
  -------------------------------------------------------------------    -------------------

                         (clock sys_clk_pin fall edge)
                                                      5.000     5.000 f  
    W5                                                0.000     5.000 f  clk (IN)
                         net (fo=0)                   0.000     5.000    clk
    W5                   IBUF (Prop_ibuf_I_O)         0.414     5.414 f  clk_IBUF_inst/O
                         net (fo=1, routed)           0.685     6.099    clk_IBUF
    BUFGCTRL_X0Y0        BUFG (Prop_bufg_I_O)         0.029     6.128 f  clk_IBUF_BUFG_inst/O
                         net (fo=6, routed)           0.855     6.982    clk_IBUF_BUFG
    SLICE_X64Y20         FDCE                                         r  count_reg[1]/C  (IS_INVERTED)
                         clock pessimism             -0.499     6.483    
                         clock uncertainty            0.035     6.518    
    SLICE_X64Y20         FDCE (Hold_fdce_C_CE)       -0.012     6.506    count_reg[1]
  -------------------------------------------------------------------
                         required time                         -6.506    
                         arrival time                          12.027    
  -------------------------------------------------------------------
                         slack                                  5.520    

Slack (MET) :             5.520ns  (arrival time - required time)
  Source:                 FSM_sequential_c_state_reg[1]/C
                            (rising edge-triggered cell FDCE clocked by sys_clk_pin  {rise@0.000ns fall@5.000ns period=10.000ns})
  Destination:            count_reg[2]/CE
                            (falling edge-triggered cell FDCE clocked by sys_clk_pin  {rise@0.000ns fall@5.000ns period=10.000ns})
  Path Group:             sys_clk_pin
  Path Type:              Hold (Min at Fast Process Corner)
  Requirement:            -5.000ns  (sys_clk_pin fall@5.000ns - sys_clk_pin rise@10.000ns)
  Data Path Delay:        0.554ns  (logic 0.246ns (44.438%)  route 0.308ns (55.562%))
  Logic Levels:           1  (LUT2=1)
  Clock Path Skew:        0.010ns (DCD - SCD - CPR)
    Destination Clock Delay (DCD):    1.982ns = ( 6.982 - 5.000 ) 
    Source Clock Delay      (SCD):    1.473ns = ( 11.473 - 10.000 ) 
    Clock Pessimism Removal (CPR):    0.499ns
  Clock Uncertainty:      0.035ns  ((TSJ^2 + TIJ^2)^1/2 + DJ) / 2 + PE
    Total System Jitter     (TSJ):    0.071ns
    Total Input Jitter      (TIJ):    0.000ns
    Discrete Jitter          (DJ):    0.000ns
    Phase Error              (PE):    0.000ns

    Location             Delay type                Incr(ns)  Path(ns)    Netlist Resource(s)
  -------------------------------------------------------------------    -------------------
                         (clock sys_clk_pin rise edge)
                                                     10.000    10.000 r  
    W5                                                0.000    10.000 r  clk (IN)
                         net (fo=0)                   0.000    10.000    clk
    W5                   IBUF (Prop_ibuf_I_O)         0.226    10.226 r  clk_IBUF_inst/O
                         net (fo=1, routed)           0.631    10.858    clk_IBUF
    BUFGCTRL_X0Y0        BUFG (Prop_bufg_I_O)         0.026    10.884 r  clk_IBUF_BUFG_inst/O
                         net (fo=6, routed)           0.590    11.473    clk_IBUF_BUFG
    SLICE_X64Y16         FDCE                                         r  FSM_sequential_c_state_reg[1]/C
  -------------------------------------------------------------------    -------------------
    SLICE_X64Y16         FDCE (Prop_fdce_C_Q)         0.148    11.621 r  FSM_sequential_c_state_reg[1]/Q
                         net (fo=3, routed)           0.071    11.692    c_state[1]
    SLICE_X64Y16         LUT2 (Prop_lut2_I0_O)        0.098    11.790 r  count[3]_i_1/O
                         net (fo=4, routed)           0.236    12.027    count[3]_i_1_n_0
    SLICE_X64Y20         FDCE                                         r  count_reg[2]/CE
  -------------------------------------------------------------------    -------------------

                         (clock sys_clk_pin fall edge)
                                                      5.000     5.000 f  
    W5                                                0.000     5.000 f  clk (IN)
                         net (fo=0)                   0.000     5.000    clk
    W5                   IBUF (Prop_ibuf_I_O)         0.414     5.414 f  clk_IBUF_inst/O
                         net (fo=1, routed)           0.685     6.099    clk_IBUF
    BUFGCTRL_X0Y0        BUFG (Prop_bufg_I_O)         0.029     6.128 f  clk_IBUF_BUFG_inst/O
                         net (fo=6, routed)           0.855     6.982    clk_IBUF_BUFG
    SLICE_X64Y20         FDCE                                         r  count_reg[2]/C  (IS_INVERTED)
                         clock pessimism             -0.499     6.483    
                         clock uncertainty            0.035     6.518    
    SLICE_X64Y20         FDCE (Hold_fdce_C_CE)       -0.012     6.506    count_reg[2]
  -------------------------------------------------------------------
                         required time                         -6.506    
                         arrival time                          12.027    
  -------------------------------------------------------------------
                         slack                                  5.520    

Slack (MET) :             5.520ns  (arrival time - required time)
  Source:                 FSM_sequential_c_state_reg[1]/C
                            (rising edge-triggered cell FDCE clocked by sys_clk_pin  {rise@0.000ns fall@5.000ns period=10.000ns})
  Destination:            count_reg[3]/CE
                            (falling edge-triggered cell FDCE clocked by sys_clk_pin  {rise@0.000ns fall@5.000ns period=10.000ns})
  Path Group:             sys_clk_pin
  Path Type:              Hold (Min at Fast Process Corner)
  Requirement:            -5.000ns  (sys_clk_pin fall@5.000ns - sys_clk_pin rise@10.000ns)
  Data Path Delay:        0.554ns  (logic 0.246ns (44.438%)  route 0.308ns (55.562%))
  Logic Levels:           1  (LUT2=1)
  Clock Path Skew:        0.010ns (DCD - SCD - CPR)
    Destination Clock Delay (DCD):    1.982ns = ( 6.982 - 5.000 ) 
    Source Clock Delay      (SCD):    1.473ns = ( 11.473 - 10.000 ) 
    Clock Pessimism Removal (CPR):    0.499ns
  Clock Uncertainty:      0.035ns  ((TSJ^2 + TIJ^2)^1/2 + DJ) / 2 + PE
    Total System Jitter     (TSJ):    0.071ns
    Total Input Jitter      (TIJ):    0.000ns
    Discrete Jitter          (DJ):    0.000ns
    Phase Error              (PE):    0.000ns

    Location             Delay type                Incr(ns)  Path(ns)    Netlist Resource(s)
  -------------------------------------------------------------------    -------------------
                         (clock sys_clk_pin rise edge)
                                                     10.000    10.000 r  
    W5                                                0.000    10.000 r  clk (IN)
                         net (fo=0)                   0.000    10.000    clk
    W5                   IBUF (Prop_ibuf_I_O)         0.226    10.226 r  clk_IBUF_inst/O
                         net (fo=1, routed)           0.631    10.858    clk_IBUF
    BUFGCTRL_X0Y0        BUFG (Prop_bufg_I_O)         0.026    10.884 r  clk_IBUF_BUFG_inst/O
                         net (fo=6, routed)           0.590    11.473    clk_IBUF_BUFG
    SLICE_X64Y16         FDCE                                         r  FSM_sequential_c_state_reg[1]/C
  -------------------------------------------------------------------    -------------------
    SLICE_X64Y16         FDCE (Prop_fdce_C_Q)         0.148    11.621 r  FSM_sequential_c_state_reg[1]/Q
                         net (fo=3, routed)           0.071    11.692    c_state[1]
    SLICE_X64Y16         LUT2 (Prop_lut2_I0_O)        0.098    11.790 r  count[3]_i_1/O
                         net (fo=4, routed)           0.236    12.027    count[3]_i_1_n_0
    SLICE_X64Y20         FDCE                                         r  count_reg[3]/CE
  -------------------------------------------------------------------    -------------------

                         (clock sys_clk_pin fall edge)
                                                      5.000     5.000 f  
    W5                                                0.000     5.000 f  clk (IN)
                         net (fo=0)                   0.000     5.000    clk
    W5                   IBUF (Prop_ibuf_I_O)         0.414     5.414 f  clk_IBUF_inst/O
                         net (fo=1, routed)           0.685     6.099    clk_IBUF
    BUFGCTRL_X0Y0        BUFG (Prop_bufg_I_O)         0.029     6.128 f  clk_IBUF_BUFG_inst/O
                         net (fo=6, routed)           0.855     6.982    clk_IBUF_BUFG
    SLICE_X64Y20         FDCE                                         r  count_reg[3]/C  (IS_INVERTED)
                         clock pessimism             -0.499     6.483    
                         clock uncertainty            0.035     6.518    
    SLICE_X64Y20         FDCE (Hold_fdce_C_CE)       -0.012     6.506    count_reg[3]
  -------------------------------------------------------------------
                         required time                         -6.506    
                         arrival time                          12.027    
  -------------------------------------------------------------------
                         slack                                  5.520    





Pulse Width Checks
--------------------------------------------------------------------------------------
Clock Name:         sys_clk_pin
Waveform(ns):       { 0.000 5.000 }
Period(ns):         10.000
Sources:            { clk }

Check Type        Corner  Lib Pin  Reference Pin  Required(ns)  Actual(ns)  Slack(ns)  Location       Pin
Min Period        n/a     BUFG/I   n/a            2.155         10.000      7.845      BUFGCTRL_X0Y0  clk_IBUF_BUFG_inst/I
Min Period        n/a     FDCE/C   n/a            1.000         10.000      9.000      SLICE_X64Y16   FSM_sequential_c_state_reg[0]/C
Min Period        n/a     FDCE/C   n/a            1.000         10.000      9.000      SLICE_X64Y16   FSM_sequential_c_state_reg[1]/C
Min Period        n/a     FDCE/C   n/a            1.000         10.000      9.000      SLICE_X64Y20   count_reg[0]/C
Min Period        n/a     FDCE/C   n/a            1.000         10.000      9.000      SLICE_X64Y20   count_reg[1]/C
Min Period        n/a     FDCE/C   n/a            1.000         10.000      9.000      SLICE_X64Y20   count_reg[2]/C
Min Period        n/a     FDCE/C   n/a            1.000         10.000      9.000      SLICE_X64Y20   count_reg[3]/C
Low Pulse Width   Slow    FDCE/C   n/a            0.500         5.000       4.500      SLICE_X64Y16   FSM_sequential_c_state_reg[0]/C
Low Pulse Width   Fast    FDCE/C   n/a            0.500         5.000       4.500      SLICE_X64Y16   FSM_sequential_c_state_reg[0]/C
Low Pulse Width   Slow    FDCE/C   n/a            0.500         5.000       4.500      SLICE_X64Y16   FSM_sequential_c_state_reg[1]/C
Low Pulse Width   Fast    FDCE/C   n/a            0.500         5.000       4.500      SLICE_X64Y16   FSM_sequential_c_state_reg[1]/C
Low Pulse Width   Slow    FDCE/C   n/a            0.500         5.000       4.500      SLICE_X64Y20   count_reg[0]/C
Low Pulse Width   Fast    FDCE/C   n/a            0.500         5.000       4.500      SLICE_X64Y20   count_reg[0]/C
Low Pulse Width   Slow    FDCE/C   n/a            0.500         5.000       4.500      SLICE_X64Y20   count_reg[1]/C
Low Pulse Width   Fast    FDCE/C   n/a            0.500         5.000       4.500      SLICE_X64Y20   count_reg[1]/C
Low Pulse Width   Slow    FDCE/C   n/a            0.500         5.000       4.500      SLICE_X64Y20   count_reg[2]/C
Low Pulse Width   Fast    FDCE/C   n/a            0.500         5.000       4.500      SLICE_X64Y20   count_reg[2]/C
High Pulse Width  Slow    FDCE/C   n/a            0.500         5.000       4.500      SLICE_X64Y16   FSM_sequential_c_state_reg[0]/C
High Pulse Width  Fast    FDCE/C   n/a            0.500         5.000       4.500      SLICE_X64Y16   FSM_sequential_c_state_reg[0]/C
High Pulse Width  Slow    FDCE/C   n/a            0.500         5.000       4.500      SLICE_X64Y16   FSM_sequential_c_state_reg[1]/C
High Pulse Width  Fast    FDCE/C   n/a            0.500         5.000       4.500      SLICE_X64Y16   FSM_sequential_c_state_reg[1]/C
High Pulse Width  Slow    FDCE/C   n/a            0.500         5.000       4.500      SLICE_X64Y20   count_reg[0]/C
High Pulse Width  Fast    FDCE/C   n/a            0.500         5.000       4.500      SLICE_X64Y20   count_reg[0]/C
High Pulse Width  Slow    FDCE/C   n/a            0.500         5.000       4.500      SLICE_X64Y20   count_reg[1]/C
High Pulse Width  Fast    FDCE/C   n/a            0.500         5.000       4.500      SLICE_X64Y20   count_reg[1]/C
High Pulse Width  Slow    FDCE/C   n/a            0.500         5.000       4.500      SLICE_X64Y20   count_reg[2]/C
High Pulse Width  Fast    FDCE/C   n/a            0.500         5.000       4.500      SLICE_X64Y20   count_reg[2]/C



--------------------------------------------------------------------------------------
Path Group:  (none)
From Clock:  sys_clk_pin
  To Clock:  

Max Delay             7 Endpoints
Min Delay             7 Endpoints
--------------------------------------------------------------------------------------


Max Delay Paths
--------------------------------------------------------------------------------------
Slack:                    inf
  Source:                 count_reg[3]/C
                            (falling edge-triggered cell FDCE clocked by sys_clk_pin  {rise@0.000ns fall@5.000ns period=10.000ns})
  Destination:            SSG_D[6]
                            (output port)
  Path Group:             (none)
  Path Type:              Max at Slow Process Corner
  Data Path Delay:        7.158ns  (logic 4.543ns (63.472%)  route 2.615ns (36.528%))
  Logic Levels:           2  (LUT4=1 OBUF=1)
  Clock Uncertainty:      0.025ns  ((TSJ^2 + TIJ^2)^1/2 + DJ) / 2 + PE
    Total System Jitter     (TSJ):    0.050ns
    Total Input Jitter      (TIJ):    0.000ns
    Discrete Jitter          (DJ):    0.000ns
    Phase Error              (PE):    0.000ns

    Location             Delay type                Incr(ns)  Path(ns)    Netlist Resource(s)
  -------------------------------------------------------------------    -------------------
                         (clock sys_clk_pin fall edge)
                                                      5.000     5.000 f  
    W5                                                0.000     5.000 f  clk (IN)
                         net (fo=0)                   0.000     5.000    clk
    W5                   IBUF (Prop_ibuf_I_O)         1.458     6.458 f  clk_IBUF_inst/O
                         net (fo=1, routed)           1.967     8.425    clk_IBUF
    BUFGCTRL_X0Y0        BUFG (Prop_bufg_I_O)         0.096     8.521 f  clk_IBUF_BUFG_inst/O
                         net (fo=6, routed)           1.625    10.146    clk_IBUF_BUFG
    SLICE_X64Y20         FDCE                                         r  count_reg[3]/C  (IS_INVERTED)
  -------------------------------------------------------------------    -------------------
    SLICE_X64Y20         FDCE (Prop_fdce_C_Q)         0.484    10.630 r  count_reg[3]/Q
                         net (fo=9, routed)           0.703    11.333    count[3]
    SLICE_X65Y20         LUT4 (Prop_lut4_I0_O)        0.325    11.658 r  SSG_D_OBUF[6]_inst_i_1/O
                         net (fo=1, routed)           1.912    13.570    SSG_D_OBUF[6]
    U7                   OBUF (Prop_obuf_I_O)         3.734    17.304 r  SSG_D_OBUF[6]_inst/O
                         net (fo=0)                   0.000    17.304    SSG_D[6]
    U7                                                                r  SSG_D[6] (OUT)
  -------------------------------------------------------------------    -------------------

Slack:                    inf
  Source:                 count_reg[3]/C
                            (falling edge-triggered cell FDCE clocked by sys_clk_pin  {rise@0.000ns fall@5.000ns period=10.000ns})
  Destination:            SSG_D[0]
                            (output port)
  Path Group:             (none)
  Path Type:              Max at Slow Process Corner
  Data Path Delay:        7.149ns  (logic 4.520ns (63.220%)  route 2.629ns (36.780%))
  Logic Levels:           2  (LUT4=1 OBUF=1)
  Clock Uncertainty:      0.025ns  ((TSJ^2 + TIJ^2)^1/2 + DJ) / 2 + PE
    Total System Jitter     (TSJ):    0.050ns
    Total Input Jitter      (TIJ):    0.000ns
    Discrete Jitter          (DJ):    0.000ns
    Phase Error              (PE):    0.000ns

    Location             Delay type                Incr(ns)  Path(ns)    Netlist Resource(s)
  -------------------------------------------------------------------    -------------------
                         (clock sys_clk_pin fall edge)
                                                      5.000     5.000 f  
    W5                                                0.000     5.000 f  clk (IN)
                         net (fo=0)                   0.000     5.000    clk
    W5                   IBUF (Prop_ibuf_I_O)         1.458     6.458 f  clk_IBUF_inst/O
                         net (fo=1, routed)           1.967     8.425    clk_IBUF
    BUFGCTRL_X0Y0        BUFG (Prop_bufg_I_O)         0.096     8.521 f  clk_IBUF_BUFG_inst/O
                         net (fo=6, routed)           1.625    10.146    clk_IBUF_BUFG
    SLICE_X64Y20         FDCE                                         r  count_reg[3]/C  (IS_INVERTED)
  -------------------------------------------------------------------    -------------------
    SLICE_X64Y20         FDCE (Prop_fdce_C_Q)         0.484    10.630 r  count_reg[3]/Q
                         net (fo=9, routed)           0.913    11.543    count[3]
    SLICE_X65Y20         LUT4 (Prop_lut4_I0_O)        0.323    11.866 r  SSG_D_OBUF[0]_inst_i_1/O
                         net (fo=1, routed)           1.716    13.583    SSG_D_OBUF[0]
    W7                   OBUF (Prop_obuf_I_O)         3.713    17.295 r  SSG_D_OBUF[0]_inst/O
                         net (fo=0)                   0.000    17.295    SSG_D[0]
    W7                                                                r  SSG_D[0] (OUT)
  -------------------------------------------------------------------    -------------------

Slack:                    inf
  Source:                 count_reg[3]/C
                            (falling edge-triggered cell FDCE clocked by sys_clk_pin  {rise@0.000ns fall@5.000ns period=10.000ns})
  Destination:            SSG_D[3]
                            (output port)
  Path Group:             (none)
  Path Type:              Max at Slow Process Corner
  Data Path Delay:        7.132ns  (logic 4.551ns (63.804%)  route 2.582ns (36.196%))
  Logic Levels:           2  (LUT4=1 OBUF=1)
  Clock Uncertainty:      0.025ns  ((TSJ^2 + TIJ^2)^1/2 + DJ) / 2 + PE
    Total System Jitter     (TSJ):    0.050ns
    Total Input Jitter      (TIJ):    0.000ns
    Discrete Jitter          (DJ):    0.000ns
    Phase Error              (PE):    0.000ns

    Location             Delay type                Incr(ns)  Path(ns)    Netlist Resource(s)
  -------------------------------------------------------------------    -------------------
                         (clock sys_clk_pin fall edge)
                                                      5.000     5.000 f  
    W5                                                0.000     5.000 f  clk (IN)
                         net (fo=0)                   0.000     5.000    clk
    W5                   IBUF (Prop_ibuf_I_O)         1.458     6.458 f  clk_IBUF_inst/O
                         net (fo=1, routed)           1.967     8.425    clk_IBUF
    BUFGCTRL_X0Y0        BUFG (Prop_bufg_I_O)         0.096     8.521 f  clk_IBUF_BUFG_inst/O
                         net (fo=6, routed)           1.625    10.146    clk_IBUF_BUFG
    SLICE_X64Y20         FDCE                                         r  count_reg[3]/C  (IS_INVERTED)
  -------------------------------------------------------------------    -------------------
    SLICE_X64Y20         FDCE (Prop_fdce_C_Q)         0.484    10.630 r  count_reg[3]/Q
                         net (fo=9, routed)           0.915    11.545    count[3]
    SLICE_X65Y20         LUT4 (Prop_lut4_I0_O)        0.323    11.868 r  SSG_D_OBUF[3]_inst_i_1/O
                         net (fo=1, routed)           1.667    13.535    SSG_D_OBUF[3]
    V8                   OBUF (Prop_obuf_I_O)         3.744    17.278 r  SSG_D_OBUF[3]_inst/O
                         net (fo=0)                   0.000    17.278    SSG_D[3]
    V8                                                                r  SSG_D[3] (OUT)
  -------------------------------------------------------------------    -------------------

Slack:                    inf
  Source:                 count_reg[3]/C
                            (falling edge-triggered cell FDCE clocked by sys_clk_pin  {rise@0.000ns fall@5.000ns period=10.000ns})
  Destination:            SSG_D[1]
                            (output port)
  Path Group:             (none)
  Path Type:              Max at Slow Process Corner
  Data Path Delay:        7.072ns  (logic 4.308ns (60.917%)  route 2.764ns (39.083%))
  Logic Levels:           2  (LUT4=1 OBUF=1)
  Clock Uncertainty:      0.025ns  ((TSJ^2 + TIJ^2)^1/2 + DJ) / 2 + PE
    Total System Jitter     (TSJ):    0.050ns
    Total Input Jitter      (TIJ):    0.000ns
    Discrete Jitter          (DJ):    0.000ns
    Phase Error              (PE):    0.000ns

    Location             Delay type                Incr(ns)  Path(ns)    Netlist Resource(s)
  -------------------------------------------------------------------    -------------------
                         (clock sys_clk_pin fall edge)
                                                      5.000     5.000 f  
    W5                                                0.000     5.000 f  clk (IN)
                         net (fo=0)                   0.000     5.000    clk
    W5                   IBUF (Prop_ibuf_I_O)         1.458     6.458 f  clk_IBUF_inst/O
                         net (fo=1, routed)           1.967     8.425    clk_IBUF
    BUFGCTRL_X0Y0        BUFG (Prop_bufg_I_O)         0.096     8.521 f  clk_IBUF_BUFG_inst/O
                         net (fo=6, routed)           1.625    10.146    clk_IBUF_BUFG
    SLICE_X64Y20         FDCE                                         r  count_reg[3]/C  (IS_INVERTED)
  -------------------------------------------------------------------    -------------------
    SLICE_X64Y20         FDCE (Prop_fdce_C_Q)         0.484    10.630 r  count_reg[3]/Q
                         net (fo=9, routed)           0.913    11.543    count[3]
    SLICE_X65Y20         LUT4 (Prop_lut4_I0_O)        0.295    11.838 r  SSG_D_OBUF[1]_inst_i_1/O
                         net (fo=1, routed)           1.851    13.689    SSG_D_OBUF[1]
    W6                   OBUF (Prop_obuf_I_O)         3.529    17.218 r  SSG_D_OBUF[1]_inst/O
                         net (fo=0)                   0.000    17.218    SSG_D[1]
    W6                                                                r  SSG_D[1] (OUT)
  -------------------------------------------------------------------    -------------------

Slack:                    inf
  Source:                 count_reg[3]/C
                            (falling edge-triggered cell FDCE clocked by sys_clk_pin  {rise@0.000ns fall@5.000ns period=10.000ns})
  Destination:            SSG_D[4]
                            (output port)
  Path Group:             (none)
  Path Type:              Max at Slow Process Corner
  Data Path Delay:        6.924ns  (logic 4.533ns (65.463%)  route 2.392ns (34.537%))
  Logic Levels:           2  (LUT4=1 OBUF=1)
  Clock Uncertainty:      0.025ns  ((TSJ^2 + TIJ^2)^1/2 + DJ) / 2 + PE
    Total System Jitter     (TSJ):    0.050ns
    Total Input Jitter      (TIJ):    0.000ns
    Discrete Jitter          (DJ):    0.000ns
    Phase Error              (PE):    0.000ns

    Location             Delay type                Incr(ns)  Path(ns)    Netlist Resource(s)
  -------------------------------------------------------------------    -------------------
                         (clock sys_clk_pin fall edge)
                                                      5.000     5.000 f  
    W5                                                0.000     5.000 f  clk (IN)
                         net (fo=0)                   0.000     5.000    clk
    W5                   IBUF (Prop_ibuf_I_O)         1.458     6.458 f  clk_IBUF_inst/O
                         net (fo=1, routed)           1.967     8.425    clk_IBUF
    BUFGCTRL_X0Y0        BUFG (Prop_bufg_I_O)         0.096     8.521 f  clk_IBUF_BUFG_inst/O
                         net (fo=6, routed)           1.625    10.146    clk_IBUF_BUFG
    SLICE_X64Y20         FDCE                                         r  count_reg[3]/C  (IS_INVERTED)
  -------------------------------------------------------------------    -------------------
    SLICE_X64Y20         FDCE (Prop_fdce_C_Q)         0.484    10.630 r  count_reg[3]/Q
                         net (fo=9, routed)           0.705    11.335    count[3]
    SLICE_X65Y20         LUT4 (Prop_lut4_I0_O)        0.321    11.656 r  SSG_D_OBUF[4]_inst_i_1/O
                         net (fo=1, routed)           1.686    13.343    SSG_D_OBUF[4]
    U5                   OBUF (Prop_obuf_I_O)         3.728    17.071 r  SSG_D_OBUF[4]_inst/O
                         net (fo=0)                   0.000    17.071    SSG_D[4]
    U5                                                                r  SSG_D[4] (OUT)
  -------------------------------------------------------------------    -------------------

Slack:                    inf
  Source:                 count_reg[3]/C
                            (falling edge-triggered cell FDCE clocked by sys_clk_pin  {rise@0.000ns fall@5.000ns period=10.000ns})
  Destination:            SSG_D[2]
                            (output port)
  Path Group:             (none)
  Path Type:              Max at Slow Process Corner
  Data Path Delay:        6.897ns  (logic 4.314ns (62.551%)  route 2.583ns (37.449%))
  Logic Levels:           2  (LUT4=1 OBUF=1)
  Clock Uncertainty:      0.025ns  ((TSJ^2 + TIJ^2)^1/2 + DJ) / 2 + PE
    Total System Jitter     (TSJ):    0.050ns
    Total Input Jitter      (TIJ):    0.000ns
    Discrete Jitter          (DJ):    0.000ns
    Phase Error              (PE):    0.000ns

    Location             Delay type                Incr(ns)  Path(ns)    Netlist Resource(s)
  -------------------------------------------------------------------    -------------------
                         (clock sys_clk_pin fall edge)
                                                      5.000     5.000 f  
    W5                                                0.000     5.000 f  clk (IN)
                         net (fo=0)                   0.000     5.000    clk
    W5                   IBUF (Prop_ibuf_I_O)         1.458     6.458 f  clk_IBUF_inst/O
                         net (fo=1, routed)           1.967     8.425    clk_IBUF
    BUFGCTRL_X0Y0        BUFG (Prop_bufg_I_O)         0.096     8.521 f  clk_IBUF_BUFG_inst/O
                         net (fo=6, routed)           1.625    10.146    clk_IBUF_BUFG
    SLICE_X64Y20         FDCE                                         r  count_reg[3]/C  (IS_INVERTED)
  -------------------------------------------------------------------    -------------------
    SLICE_X64Y20         FDCE (Prop_fdce_C_Q)         0.484    10.630 r  count_reg[3]/Q
                         net (fo=9, routed)           0.915    11.545    count[3]
    SLICE_X65Y20         LUT4 (Prop_lut4_I0_O)        0.295    11.840 r  SSG_D_OBUF[2]_inst_i_1/O
                         net (fo=1, routed)           1.668    13.508    SSG_D_OBUF[2]
    U8                   OBUF (Prop_obuf_I_O)         3.535    17.043 r  SSG_D_OBUF[2]_inst/O
                         net (fo=0)                   0.000    17.043    SSG_D[2]
    U8                                                                r  SSG_D[2] (OUT)
  -------------------------------------------------------------------    -------------------

Slack:                    inf
  Source:                 count_reg[3]/C
                            (falling edge-triggered cell FDCE clocked by sys_clk_pin  {rise@0.000ns fall@5.000ns period=10.000ns})
  Destination:            SSG_D[5]
                            (output port)
  Path Group:             (none)
  Path Type:              Max at Slow Process Corner
  Data Path Delay:        6.842ns  (logic 4.283ns (62.606%)  route 2.558ns (37.394%))
  Logic Levels:           2  (LUT4=1 OBUF=1)
  Clock Uncertainty:      0.025ns  ((TSJ^2 + TIJ^2)^1/2 + DJ) / 2 + PE
    Total System Jitter     (TSJ):    0.050ns
    Total Input Jitter      (TIJ):    0.000ns
    Discrete Jitter          (DJ):    0.000ns
    Phase Error              (PE):    0.000ns

    Location             Delay type                Incr(ns)  Path(ns)    Netlist Resource(s)
  -------------------------------------------------------------------    -------------------
                         (clock sys_clk_pin fall edge)
                                                      5.000     5.000 f  
    W5                                                0.000     5.000 f  clk (IN)
                         net (fo=0)                   0.000     5.000    clk
    W5                   IBUF (Prop_ibuf_I_O)         1.458     6.458 f  clk_IBUF_inst/O
                         net (fo=1, routed)           1.967     8.425    clk_IBUF
    BUFGCTRL_X0Y0        BUFG (Prop_bufg_I_O)         0.096     8.521 f  clk_IBUF_BUFG_inst/O
                         net (fo=6, routed)           1.625    10.146    clk_IBUF_BUFG
    SLICE_X64Y20         FDCE                                         r  count_reg[3]/C  (IS_INVERTED)
  -------------------------------------------------------------------    -------------------
    SLICE_X64Y20         FDCE (Prop_fdce_C_Q)         0.484    10.630 r  count_reg[3]/Q
                         net (fo=9, routed)           0.703    11.333    count[3]
    SLICE_X65Y20         LUT4 (Prop_lut4_I0_O)        0.295    11.628 r  SSG_D_OBUF[5]_inst_i_1/O
                         net (fo=1, routed)           1.855    13.484    SSG_D_OBUF[5]
    V5                   OBUF (Prop_obuf_I_O)         3.504    16.988 r  SSG_D_OBUF[5]_inst/O
                         net (fo=0)                   0.000    16.988    SSG_D[5]
    V5                                                                r  SSG_D[5] (OUT)
  -------------------------------------------------------------------    -------------------





Min Delay Paths
--------------------------------------------------------------------------------------
Slack:                    inf
  Source:                 count_reg[1]/C
                            (falling edge-triggered cell FDCE clocked by sys_clk_pin  {rise@0.000ns fall@5.000ns period=10.000ns})
  Destination:            SSG_D[2]
                            (output port)
  Path Group:             (none)
  Path Type:              Min at Fast Process Corner
  Data Path Delay:        1.916ns  (logic 1.448ns (75.561%)  route 0.468ns (24.439%))
  Logic Levels:           2  (LUT4=1 OBUF=1)
  Clock Uncertainty:      0.025ns  ((TSJ^2 + TIJ^2)^1/2 + DJ) / 2 + PE
    Total System Jitter     (TSJ):    0.050ns
    Total Input Jitter      (TIJ):    0.000ns
    Discrete Jitter          (DJ):    0.000ns
    Phase Error              (PE):    0.000ns

    Location             Delay type                Incr(ns)  Path(ns)    Netlist Resource(s)
  -------------------------------------------------------------------    -------------------
                         (clock sys_clk_pin fall edge)
                                                      5.000     5.000 f  
    W5                                                0.000     5.000 f  clk (IN)
                         net (fo=0)                   0.000     5.000    clk
    W5                   IBUF (Prop_ibuf_I_O)         0.226     5.226 f  clk_IBUF_inst/O
                         net (fo=1, routed)           0.631     5.858    clk_IBUF
    BUFGCTRL_X0Y0        BUFG (Prop_bufg_I_O)         0.026     5.884 f  clk_IBUF_BUFG_inst/O
                         net (fo=6, routed)           0.586     6.469    clk_IBUF_BUFG
    SLICE_X64Y20         FDCE                                         r  count_reg[1]/C  (IS_INVERTED)
  -------------------------------------------------------------------    -------------------
    SLICE_X64Y20         FDCE (Prop_fdce_C_Q)         0.167     6.636 r  count_reg[1]/Q
                         net (fo=10, routed)          0.128     6.764    count[1]
    SLICE_X65Y20         LUT4 (Prop_lut4_I2_O)        0.045     6.809 r  SSG_D_OBUF[2]_inst_i_1/O
                         net (fo=1, routed)           0.341     7.149    SSG_D_OBUF[2]
    U8                   OBUF (Prop_obuf_I_O)         1.236     8.385 r  SSG_D_OBUF[2]_inst/O
                         net (fo=0)                   0.000     8.385    SSG_D[2]
    U8                                                                r  SSG_D[2] (OUT)
  -------------------------------------------------------------------    -------------------

Slack:                    inf
  Source:                 count_reg[1]/C
                            (falling edge-triggered cell FDCE clocked by sys_clk_pin  {rise@0.000ns fall@5.000ns period=10.000ns})
  Destination:            SSG_D[0]
                            (output port)
  Path Group:             (none)
  Path Type:              Min at Fast Process Corner
  Data Path Delay:        1.974ns  (logic 1.489ns (75.429%)  route 0.485ns (24.571%))
  Logic Levels:           2  (LUT4=1 OBUF=1)
  Clock Uncertainty:      0.025ns  ((TSJ^2 + TIJ^2)^1/2 + DJ) / 2 + PE
    Total System Jitter     (TSJ):    0.050ns
    Total Input Jitter      (TIJ):    0.000ns
    Discrete Jitter          (DJ):    0.000ns
    Phase Error              (PE):    0.000ns

    Location             Delay type                Incr(ns)  Path(ns)    Netlist Resource(s)
  -------------------------------------------------------------------    -------------------
                         (clock sys_clk_pin fall edge)
                                                      5.000     5.000 f  
    W5                                                0.000     5.000 f  clk (IN)
                         net (fo=0)                   0.000     5.000    clk
    W5                   IBUF (Prop_ibuf_I_O)         0.226     5.226 f  clk_IBUF_inst/O
                         net (fo=1, routed)           0.631     5.858    clk_IBUF
    BUFGCTRL_X0Y0        BUFG (Prop_bufg_I_O)         0.026     5.884 f  clk_IBUF_BUFG_inst/O
                         net (fo=6, routed)           0.586     6.469    clk_IBUF_BUFG
    SLICE_X64Y20         FDCE                                         r  count_reg[1]/C  (IS_INVERTED)
  -------------------------------------------------------------------    -------------------
    SLICE_X64Y20         FDCE (Prop_fdce_C_Q)         0.167     6.636 r  count_reg[1]/Q
                         net (fo=10, routed)          0.127     6.763    count[1]
    SLICE_X65Y20         LUT4 (Prop_lut4_I3_O)        0.048     6.811 r  SSG_D_OBUF[0]_inst_i_1/O
                         net (fo=1, routed)           0.358     7.169    SSG_D_OBUF[0]
    W7                   OBUF (Prop_obuf_I_O)         1.274     8.443 r  SSG_D_OBUF[0]_inst/O
                         net (fo=0)                   0.000     8.443    SSG_D[0]
    W7                                                                r  SSG_D[0] (OUT)
  -------------------------------------------------------------------    -------------------

Slack:                    inf
  Source:                 count_reg[1]/C
                            (falling edge-triggered cell FDCE clocked by sys_clk_pin  {rise@0.000ns fall@5.000ns period=10.000ns})
  Destination:            SSG_D[1]
                            (output port)
  Path Group:             (none)
  Path Type:              Min at Fast Process Corner
  Data Path Delay:        1.975ns  (logic 1.442ns (73.030%)  route 0.533ns (26.970%))
  Logic Levels:           2  (LUT4=1 OBUF=1)
  Clock Uncertainty:      0.025ns  ((TSJ^2 + TIJ^2)^1/2 + DJ) / 2 + PE
    Total System Jitter     (TSJ):    0.050ns
    Total Input Jitter      (TIJ):    0.000ns
    Discrete Jitter          (DJ):    0.000ns
    Phase Error              (PE):    0.000ns

    Location             Delay type                Incr(ns)  Path(ns)    Netlist Resource(s)
  -------------------------------------------------------------------    -------------------
                         (clock sys_clk_pin fall edge)
                                                      5.000     5.000 f  
    W5                                                0.000     5.000 f  clk (IN)
                         net (fo=0)                   0.000     5.000    clk
    W5                   IBUF (Prop_ibuf_I_O)         0.226     5.226 f  clk_IBUF_inst/O
                         net (fo=1, routed)           0.631     5.858    clk_IBUF
    BUFGCTRL_X0Y0        BUFG (Prop_bufg_I_O)         0.026     5.884 f  clk_IBUF_BUFG_inst/O
                         net (fo=6, routed)           0.586     6.469    clk_IBUF_BUFG
    SLICE_X64Y20         FDCE                                         r  count_reg[1]/C  (IS_INVERTED)
  -------------------------------------------------------------------    -------------------
    SLICE_X64Y20         FDCE (Prop_fdce_C_Q)         0.167     6.636 r  count_reg[1]/Q
                         net (fo=10, routed)          0.127     6.763    count[1]
    SLICE_X65Y20         LUT4 (Prop_lut4_I2_O)        0.045     6.808 r  SSG_D_OBUF[1]_inst_i_1/O
                         net (fo=1, routed)           0.406     7.214    SSG_D_OBUF[1]
    W6                   OBUF (Prop_obuf_I_O)         1.230     8.444 r  SSG_D_OBUF[1]_inst/O
                         net (fo=0)                   0.000     8.444    SSG_D[1]
    W6                                                                r  SSG_D[1] (OUT)
  -------------------------------------------------------------------    -------------------

Slack:                    inf
  Source:                 count_reg[1]/C
                            (falling edge-triggered cell FDCE clocked by sys_clk_pin  {rise@0.000ns fall@5.000ns period=10.000ns})
  Destination:            SSG_D[3]
                            (output port)
  Path Group:             (none)
  Path Type:              Min at Fast Process Corner
  Data Path Delay:        1.981ns  (logic 1.519ns (76.681%)  route 0.462ns (23.319%))
  Logic Levels:           2  (LUT4=1 OBUF=1)
  Clock Uncertainty:      0.025ns  ((TSJ^2 + TIJ^2)^1/2 + DJ) / 2 + PE
    Total System Jitter     (TSJ):    0.050ns
    Total Input Jitter      (TIJ):    0.000ns
    Discrete Jitter          (DJ):    0.000ns
    Phase Error              (PE):    0.000ns

    Location             Delay type                Incr(ns)  Path(ns)    Netlist Resource(s)
  -------------------------------------------------------------------    -------------------
                         (clock sys_clk_pin fall edge)
                                                      5.000     5.000 f  
    W5                                                0.000     5.000 f  clk (IN)
                         net (fo=0)                   0.000     5.000    clk
    W5                   IBUF (Prop_ibuf_I_O)         0.226     5.226 f  clk_IBUF_inst/O
                         net (fo=1, routed)           0.631     5.858    clk_IBUF
    BUFGCTRL_X0Y0        BUFG (Prop_bufg_I_O)         0.026     5.884 f  clk_IBUF_BUFG_inst/O
                         net (fo=6, routed)           0.586     6.469    clk_IBUF_BUFG
    SLICE_X64Y20         FDCE                                         r  count_reg[1]/C  (IS_INVERTED)
  -------------------------------------------------------------------    -------------------
    SLICE_X64Y20         FDCE (Prop_fdce_C_Q)         0.167     6.636 r  count_reg[1]/Q
                         net (fo=10, routed)          0.128     6.764    count[1]
    SLICE_X65Y20         LUT4 (Prop_lut4_I3_O)        0.049     6.813 r  SSG_D_OBUF[3]_inst_i_1/O
                         net (fo=1, routed)           0.335     7.147    SSG_D_OBUF[3]
    V8                   OBUF (Prop_obuf_I_O)         1.303     8.451 r  SSG_D_OBUF[3]_inst/O
                         net (fo=0)                   0.000     8.451    SSG_D[3]
    V8                                                                r  SSG_D[3] (OUT)
  -------------------------------------------------------------------    -------------------

Slack:                    inf
  Source:                 count_reg[0]/C
                            (falling edge-triggered cell FDCE clocked by sys_clk_pin  {rise@0.000ns fall@5.000ns period=10.000ns})
  Destination:            SSG_D[4]
                            (output port)
  Path Group:             (none)
  Path Type:              Min at Fast Process Corner
  Data Path Delay:        2.083ns  (logic 1.497ns (71.864%)  route 0.586ns (28.136%))
  Logic Levels:           2  (LUT4=1 OBUF=1)
  Clock Uncertainty:      0.025ns  ((TSJ^2 + TIJ^2)^1/2 + DJ) / 2 + PE
    Total System Jitter     (TSJ):    0.050ns
    Total Input Jitter      (TIJ):    0.000ns
    Discrete Jitter          (DJ):    0.000ns
    Phase Error              (PE):    0.000ns

    Location             Delay type                Incr(ns)  Path(ns)    Netlist Resource(s)
  -------------------------------------------------------------------    -------------------
                         (clock sys_clk_pin fall edge)
                                                      5.000     5.000 f  
    W5                                                0.000     5.000 f  clk (IN)
                         net (fo=0)                   0.000     5.000    clk
    W5                   IBUF (Prop_ibuf_I_O)         0.226     5.226 f  clk_IBUF_inst/O
                         net (fo=1, routed)           0.631     5.858    clk_IBUF
    BUFGCTRL_X0Y0        BUFG (Prop_bufg_I_O)         0.026     5.884 f  clk_IBUF_BUFG_inst/O
                         net (fo=6, routed)           0.586     6.469    clk_IBUF_BUFG
    SLICE_X64Y20         FDCE                                         r  count_reg[0]/C  (IS_INVERTED)
  -------------------------------------------------------------------    -------------------
    SLICE_X64Y20         FDCE (Prop_fdce_C_Q)         0.167     6.636 r  count_reg[0]/Q
                         net (fo=11, routed)          0.266     6.902    count[0]
    SLICE_X65Y20         LUT4 (Prop_lut4_I3_O)        0.042     6.944 r  SSG_D_OBUF[4]_inst_i_1/O
                         net (fo=1, routed)           0.320     7.264    SSG_D_OBUF[4]
    U5                   OBUF (Prop_obuf_I_O)         1.288     8.552 r  SSG_D_OBUF[4]_inst/O
                         net (fo=0)                   0.000     8.552    SSG_D[4]
    U5                                                                r  SSG_D[4] (OUT)
  -------------------------------------------------------------------    -------------------

Slack:                    inf
  Source:                 count_reg[1]/C
                            (falling edge-triggered cell FDCE clocked by sys_clk_pin  {rise@0.000ns fall@5.000ns period=10.000ns})
  Destination:            SSG_D[5]
                            (output port)
  Path Group:             (none)
  Path Type:              Min at Fast Process Corner
  Data Path Delay:        2.094ns  (logic 1.418ns (67.684%)  route 0.677ns (32.316%))
  Logic Levels:           2  (LUT4=1 OBUF=1)
  Clock Uncertainty:      0.025ns  ((TSJ^2 + TIJ^2)^1/2 + DJ) / 2 + PE
    Total System Jitter     (TSJ):    0.050ns
    Total Input Jitter      (TIJ):    0.000ns
    Discrete Jitter          (DJ):    0.000ns
    Phase Error              (PE):    0.000ns

    Location             Delay type                Incr(ns)  Path(ns)    Netlist Resource(s)
  -------------------------------------------------------------------    -------------------
                         (clock sys_clk_pin fall edge)
                                                      5.000     5.000 f  
    W5                                                0.000     5.000 f  clk (IN)
                         net (fo=0)                   0.000     5.000    clk
    W5                   IBUF (Prop_ibuf_I_O)         0.226     5.226 f  clk_IBUF_inst/O
                         net (fo=1, routed)           0.631     5.858    clk_IBUF
    BUFGCTRL_X0Y0        BUFG (Prop_bufg_I_O)         0.026     5.884 f  clk_IBUF_BUFG_inst/O
                         net (fo=6, routed)           0.586     6.469    clk_IBUF_BUFG
    SLICE_X64Y20         FDCE                                         r  count_reg[1]/C  (IS_INVERTED)
  -------------------------------------------------------------------    -------------------
    SLICE_X64Y20         FDCE (Prop_fdce_C_Q)         0.167     6.636 r  count_reg[1]/Q
                         net (fo=10, routed)          0.267     6.903    count[1]
    SLICE_X65Y20         LUT4 (Prop_lut4_I2_O)        0.045     6.948 r  SSG_D_OBUF[5]_inst_i_1/O
                         net (fo=1, routed)           0.410     7.358    SSG_D_OBUF[5]
    V5                   OBUF (Prop_obuf_I_O)         1.206     8.563 r  SSG_D_OBUF[5]_inst/O
                         net (fo=0)                   0.000     8.563    SSG_D[5]
    V5                                                                r  SSG_D[5] (OUT)
  -------------------------------------------------------------------    -------------------

Slack:                    inf
  Source:                 count_reg[0]/C
                            (falling edge-triggered cell FDCE clocked by sys_clk_pin  {rise@0.000ns fall@5.000ns period=10.000ns})
  Destination:            SSG_D[6]
                            (output port)
  Path Group:             (none)
  Path Type:              Min at Fast Process Corner
  Data Path Delay:        2.213ns  (logic 1.506ns (68.080%)  route 0.706ns (31.920%))
  Logic Levels:           2  (LUT4=1 OBUF=1)
  Clock Uncertainty:      0.025ns  ((TSJ^2 + TIJ^2)^1/2 + DJ) / 2 + PE
    Total System Jitter     (TSJ):    0.050ns
    Total Input Jitter      (TIJ):    0.000ns
    Discrete Jitter          (DJ):    0.000ns
    Phase Error              (PE):    0.000ns

    Location             Delay type                Incr(ns)  Path(ns)    Netlist Resource(s)
  -------------------------------------------------------------------    -------------------
                         (clock sys_clk_pin fall edge)
                                                      5.000     5.000 f  
    W5                                                0.000     5.000 f  clk (IN)
                         net (fo=0)                   0.000     5.000    clk
    W5                   IBUF (Prop_ibuf_I_O)         0.226     5.226 f  clk_IBUF_inst/O
                         net (fo=1, routed)           0.631     5.858    clk_IBUF
    BUFGCTRL_X0Y0        BUFG (Prop_bufg_I_O)         0.026     5.884 f  clk_IBUF_BUFG_inst/O
                         net (fo=6, routed)           0.586     6.469    clk_IBUF_BUFG
    SLICE_X64Y20         FDCE                                         r  count_reg[0]/C  (IS_INVERTED)
  -------------------------------------------------------------------    -------------------
    SLICE_X64Y20         FDCE (Prop_fdce_C_Q)         0.167     6.636 r  count_reg[0]/Q
                         net (fo=11, routed)          0.267     6.903    count[0]
    SLICE_X65Y20         LUT4 (Prop_lut4_I1_O)        0.042     6.945 r  SSG_D_OBUF[6]_inst_i_1/O
                         net (fo=1, routed)           0.440     7.384    SSG_D_OBUF[6]
    U7                   OBUF (Prop_obuf_I_O)         1.297     8.682 r  SSG_D_OBUF[6]_inst/O
                         net (fo=0)                   0.000     8.682    SSG_D[6]
    U7                                                                r  SSG_D[6] (OUT)
  -------------------------------------------------------------------    -------------------





--------------------------------------------------------------------------------------
Path Group:  (none)
From Clock:  
  To Clock:  sys_clk_pin

Max Delay             8 Endpoints
Min Delay             8 Endpoints
--------------------------------------------------------------------------------------


Max Delay Paths
--------------------------------------------------------------------------------------
Slack:                    inf
  Source:                 reset
                            (input port)
  Destination:            count_reg[0]/CLR
                            (recovery check against rising-edge clock sys_clk_pin  {rise@0.000ns fall@5.000ns period=10.000ns})
  Path Group:             (none)
  Path Type:              Recovery (Max at Slow Process Corner)
  Data Path Delay:        4.784ns  (logic 1.451ns (30.331%)  route 3.333ns (69.669%))
  Logic Levels:           1  (IBUF=1)
  Clock Path Skew:        4.849ns (DCD - SCD + CPR)
    Destination Clock Delay (DCD):    4.849ns = ( 9.849 - 5.000 ) 
    Source Clock Delay      (SCD):    0.000ns
    Clock Pessimism Removal (CPR):    0.000ns
  Clock Uncertainty:      0.025ns  ((TSJ^2 + TIJ^2)^1/2 + DJ) / 2 + PE
    Total System Jitter     (TSJ):    0.050ns
    Total Input Jitter      (TIJ):    0.000ns
    Discrete Jitter          (DJ):    0.000ns
    Phase Error              (PE):    0.000ns

    Location             Delay type                Incr(ns)  Path(ns)    Netlist Resource(s)
  -------------------------------------------------------------------    -------------------
    T17                                               0.000     0.000 f  reset (IN)
                         net (fo=0)                   0.000     0.000    reset
    T17                  IBUF (Prop_ibuf_I_O)         1.451     1.451 f  reset_IBUF_inst/O
                         net (fo=6, routed)           3.333     4.784    reset_IBUF
    SLICE_X64Y20         FDCE                                         f  count_reg[0]/CLR
  -------------------------------------------------------------------    -------------------

                         (clock sys_clk_pin fall edge)
                                                      5.000     5.000 f  
    W5                                                0.000     5.000 f  clk (IN)
                         net (fo=0)                   0.000     5.000    clk
    W5                   IBUF (Prop_ibuf_I_O)         1.388     6.388 f  clk_IBUF_inst/O
                         net (fo=1, routed)           1.862     8.250    clk_IBUF
    BUFGCTRL_X0Y0        BUFG (Prop_bufg_I_O)         0.091     8.341 f  clk_IBUF_BUFG_inst/O
                         net (fo=6, routed)           1.508     9.849    clk_IBUF_BUFG
    SLICE_X64Y20         FDCE                                         r  count_reg[0]/C  (IS_INVERTED)

Slack:                    inf
  Source:                 reset
                            (input port)
  Destination:            count_reg[1]/CLR
                            (recovery check against rising-edge clock sys_clk_pin  {rise@0.000ns fall@5.000ns period=10.000ns})
  Path Group:             (none)
  Path Type:              Recovery (Max at Slow Process Corner)
  Data Path Delay:        4.784ns  (logic 1.451ns (30.331%)  route 3.333ns (69.669%))
  Logic Levels:           1  (IBUF=1)
  Clock Path Skew:        4.849ns (DCD - SCD + CPR)
    Destination Clock Delay (DCD):    4.849ns = ( 9.849 - 5.000 ) 
    Source Clock Delay      (SCD):    0.000ns
    Clock Pessimism Removal (CPR):    0.000ns
  Clock Uncertainty:      0.025ns  ((TSJ^2 + TIJ^2)^1/2 + DJ) / 2 + PE
    Total System Jitter     (TSJ):    0.050ns
    Total Input Jitter      (TIJ):    0.000ns
    Discrete Jitter          (DJ):    0.000ns
    Phase Error              (PE):    0.000ns

    Location             Delay type                Incr(ns)  Path(ns)    Netlist Resource(s)
  -------------------------------------------------------------------    -------------------
    T17                                               0.000     0.000 f  reset (IN)
                         net (fo=0)                   0.000     0.000    reset
    T17                  IBUF (Prop_ibuf_I_O)         1.451     1.451 f  reset_IBUF_inst/O
                         net (fo=6, routed)           3.333     4.784    reset_IBUF
    SLICE_X64Y20         FDCE                                         f  count_reg[1]/CLR
  -------------------------------------------------------------------    -------------------

                         (clock sys_clk_pin fall edge)
                                                      5.000     5.000 f  
    W5                                                0.000     5.000 f  clk (IN)
                         net (fo=0)                   0.000     5.000    clk
    W5                   IBUF (Prop_ibuf_I_O)         1.388     6.388 f  clk_IBUF_inst/O
                         net (fo=1, routed)           1.862     8.250    clk_IBUF
    BUFGCTRL_X0Y0        BUFG (Prop_bufg_I_O)         0.091     8.341 f  clk_IBUF_BUFG_inst/O
                         net (fo=6, routed)           1.508     9.849    clk_IBUF_BUFG
    SLICE_X64Y20         FDCE                                         r  count_reg[1]/C  (IS_INVERTED)

Slack:                    inf
  Source:                 reset
                            (input port)
  Destination:            count_reg[2]/CLR
                            (recovery check against rising-edge clock sys_clk_pin  {rise@0.000ns fall@5.000ns period=10.000ns})
  Path Group:             (none)
  Path Type:              Recovery (Max at Slow Process Corner)
  Data Path Delay:        4.784ns  (logic 1.451ns (30.331%)  route 3.333ns (69.669%))
  Logic Levels:           1  (IBUF=1)
  Clock Path Skew:        4.849ns (DCD - SCD + CPR)
    Destination Clock Delay (DCD):    4.849ns = ( 9.849 - 5.000 ) 
    Source Clock Delay      (SCD):    0.000ns
    Clock Pessimism Removal (CPR):    0.000ns
  Clock Uncertainty:      0.025ns  ((TSJ^2 + TIJ^2)^1/2 + DJ) / 2 + PE
    Total System Jitter     (TSJ):    0.050ns
    Total Input Jitter      (TIJ):    0.000ns
    Discrete Jitter          (DJ):    0.000ns
    Phase Error              (PE):    0.000ns

    Location             Delay type                Incr(ns)  Path(ns)    Netlist Resource(s)
  -------------------------------------------------------------------    -------------------
    T17                                               0.000     0.000 f  reset (IN)
                         net (fo=0)                   0.000     0.000    reset
    T17                  IBUF (Prop_ibuf_I_O)         1.451     1.451 f  reset_IBUF_inst/O
                         net (fo=6, routed)           3.333     4.784    reset_IBUF
    SLICE_X64Y20         FDCE                                         f  count_reg[2]/CLR
  -------------------------------------------------------------------    -------------------

                         (clock sys_clk_pin fall edge)
                                                      5.000     5.000 f  
    W5                                                0.000     5.000 f  clk (IN)
                         net (fo=0)                   0.000     5.000    clk
    W5                   IBUF (Prop_ibuf_I_O)         1.388     6.388 f  clk_IBUF_inst/O
                         net (fo=1, routed)           1.862     8.250    clk_IBUF
    BUFGCTRL_X0Y0        BUFG (Prop_bufg_I_O)         0.091     8.341 f  clk_IBUF_BUFG_inst/O
                         net (fo=6, routed)           1.508     9.849    clk_IBUF_BUFG
    SLICE_X64Y20         FDCE                                         r  count_reg[2]/C  (IS_INVERTED)

Slack:                    inf
  Source:                 reset
                            (input port)
  Destination:            count_reg[3]/CLR
                            (recovery check against rising-edge clock sys_clk_pin  {rise@0.000ns fall@5.000ns period=10.000ns})
  Path Group:             (none)
  Path Type:              Recovery (Max at Slow Process Corner)
  Data Path Delay:        4.784ns  (logic 1.451ns (30.331%)  route 3.333ns (69.669%))
  Logic Levels:           1  (IBUF=1)
  Clock Path Skew:        4.849ns (DCD - SCD + CPR)
    Destination Clock Delay (DCD):    4.849ns = ( 9.849 - 5.000 ) 
    Source Clock Delay      (SCD):    0.000ns
    Clock Pessimism Removal (CPR):    0.000ns
  Clock Uncertainty:      0.025ns  ((TSJ^2 + TIJ^2)^1/2 + DJ) / 2 + PE
    Total System Jitter     (TSJ):    0.050ns
    Total Input Jitter      (TIJ):    0.000ns
    Discrete Jitter          (DJ):    0.000ns
    Phase Error              (PE):    0.000ns

    Location             Delay type                Incr(ns)  Path(ns)    Netlist Resource(s)
  -------------------------------------------------------------------    -------------------
    T17                                               0.000     0.000 f  reset (IN)
                         net (fo=0)                   0.000     0.000    reset
    T17                  IBUF (Prop_ibuf_I_O)         1.451     1.451 f  reset_IBUF_inst/O
                         net (fo=6, routed)           3.333     4.784    reset_IBUF
    SLICE_X64Y20         FDCE                                         f  count_reg[3]/CLR
  -------------------------------------------------------------------    -------------------

                         (clock sys_clk_pin fall edge)
                                                      5.000     5.000 f  
    W5                                                0.000     5.000 f  clk (IN)
                         net (fo=0)                   0.000     5.000    clk
    W5                   IBUF (Prop_ibuf_I_O)         1.388     6.388 f  clk_IBUF_inst/O
                         net (fo=1, routed)           1.862     8.250    clk_IBUF
    BUFGCTRL_X0Y0        BUFG (Prop_bufg_I_O)         0.091     8.341 f  clk_IBUF_BUFG_inst/O
                         net (fo=6, routed)           1.508     9.849    clk_IBUF_BUFG
    SLICE_X64Y20         FDCE                                         r  count_reg[3]/C  (IS_INVERTED)

Slack:                    inf
  Source:                 countup
                            (input port)
  Destination:            FSM_sequential_c_state_reg[0]/D
                            (rising edge-triggered cell FDCE clocked by sys_clk_pin  {rise@0.000ns fall@5.000ns period=10.000ns})
  Path Group:             (none)
  Path Type:              Setup (Max at Slow Process Corner)
  Data Path Delay:        4.349ns  (logic 1.578ns (36.275%)  route 2.772ns (63.725%))
  Logic Levels:           2  (IBUF=1 LUT2=1)
  Clock Path Skew:        4.853ns (DCD - SCD + CPR)
    Destination Clock Delay (DCD):    4.853ns
    Source Clock Delay      (SCD):    0.000ns
    Clock Pessimism Removal (CPR):    0.000ns
  Clock Uncertainty:      0.025ns  ((TSJ^2 + TIJ^2)^1/2 + DJ) / 2 + PE
    Total System Jitter     (TSJ):    0.050ns
    Total Input Jitter      (TIJ):    0.000ns
    Discrete Jitter          (DJ):    0.000ns
    Phase Error              (PE):    0.000ns

    Location             Delay type                Incr(ns)  Path(ns)    Netlist Resource(s)
  -------------------------------------------------------------------    -------------------
    T18                                               0.000     0.000 r  countup (IN)
                         net (fo=0)                   0.000     0.000    countup
    T18                  IBUF (Prop_ibuf_I_O)         1.454     1.454 r  countup_IBUF_inst/O
                         net (fo=2, routed)           2.772     4.225    countup_IBUF
    SLICE_X64Y16         LUT2 (Prop_lut2_I0_O)        0.124     4.349 r  FSM_sequential_c_state[0]_i_1/O
                         net (fo=1, routed)           0.000     4.349    n_state[0]
    SLICE_X64Y16         FDCE                                         r  FSM_sequential_c_state_reg[0]/D
  -------------------------------------------------------------------    -------------------

                         (clock sys_clk_pin rise edge)
                                                      0.000     0.000 r  
    W5                                                0.000     0.000 r  clk (IN)
                         net (fo=0)                   0.000     0.000    clk
    W5                   IBUF (Prop_ibuf_I_O)         1.388     1.388 r  clk_IBUF_inst/O
                         net (fo=1, routed)           1.862     3.250    clk_IBUF
    BUFGCTRL_X0Y0        BUFG (Prop_bufg_I_O)         0.091     3.341 r  clk_IBUF_BUFG_inst/O
                         net (fo=6, routed)           1.512     4.853    clk_IBUF_BUFG
    SLICE_X64Y16         FDCE                                         r  FSM_sequential_c_state_reg[0]/C

Slack:                    inf
  Source:                 countup
                            (input port)
  Destination:            FSM_sequential_c_state_reg[1]/D
                            (rising edge-triggered cell FDCE clocked by sys_clk_pin  {rise@0.000ns fall@5.000ns period=10.000ns})
  Path Group:             (none)
  Path Type:              Setup (Max at Slow Process Corner)
  Data Path Delay:        4.341ns  (logic 1.570ns (36.158%)  route 2.772ns (63.842%))
  Logic Levels:           2  (IBUF=1 LUT3=1)
  Clock Path Skew:        4.853ns (DCD - SCD + CPR)
    Destination Clock Delay (DCD):    4.853ns
    Source Clock Delay      (SCD):    0.000ns
    Clock Pessimism Removal (CPR):    0.000ns
  Clock Uncertainty:      0.025ns  ((TSJ^2 + TIJ^2)^1/2 + DJ) / 2 + PE
    Total System Jitter     (TSJ):    0.050ns
    Total Input Jitter      (TIJ):    0.000ns
    Discrete Jitter          (DJ):    0.000ns
    Phase Error              (PE):    0.000ns

    Location             Delay type                Incr(ns)  Path(ns)    Netlist Resource(s)
  -------------------------------------------------------------------    -------------------
    T18                                               0.000     0.000 f  countup (IN)
                         net (fo=0)                   0.000     0.000    countup
    T18                  IBUF (Prop_ibuf_I_O)         1.454     1.454 f  countup_IBUF_inst/O
                         net (fo=2, routed)           2.772     4.225    countup_IBUF
    SLICE_X64Y16         LUT3 (Prop_lut3_I2_O)        0.116     4.341 r  FSM_sequential_c_state[1]_i_1/O
                         net (fo=1, routed)           0.000     4.341    n_state[1]
    SLICE_X64Y16         FDCE                                         r  FSM_sequential_c_state_reg[1]/D
  -------------------------------------------------------------------    -------------------

                         (clock sys_clk_pin rise edge)
                                                      0.000     0.000 r  
    W5                                                0.000     0.000 r  clk (IN)
                         net (fo=0)                   0.000     0.000    clk
    W5                   IBUF (Prop_ibuf_I_O)         1.388     1.388 r  clk_IBUF_inst/O
                         net (fo=1, routed)           1.862     3.250    clk_IBUF
    BUFGCTRL_X0Y0        BUFG (Prop_bufg_I_O)         0.091     3.341 r  clk_IBUF_BUFG_inst/O
                         net (fo=6, routed)           1.512     4.853    clk_IBUF_BUFG
    SLICE_X64Y16         FDCE                                         r  FSM_sequential_c_state_reg[1]/C

Slack:                    inf
  Source:                 reset
                            (input port)
  Destination:            FSM_sequential_c_state_reg[0]/CLR
                            (recovery check against rising-edge clock sys_clk_pin  {rise@0.000ns fall@5.000ns period=10.000ns})
  Path Group:             (none)
  Path Type:              Recovery (Max at Slow Process Corner)
  Data Path Delay:        4.335ns  (logic 1.451ns (33.477%)  route 2.884ns (66.523%))
  Logic Levels:           1  (IBUF=1)
  Clock Path Skew:        4.853ns (DCD - SCD + CPR)
    Destination Clock Delay (DCD):    4.853ns
    Source Clock Delay      (SCD):    0.000ns
    Clock Pessimism Removal (CPR):    0.000ns
  Clock Uncertainty:      0.025ns  ((TSJ^2 + TIJ^2)^1/2 + DJ) / 2 + PE
    Total System Jitter     (TSJ):    0.050ns
    Total Input Jitter      (TIJ):    0.000ns
    Discrete Jitter          (DJ):    0.000ns
    Phase Error              (PE):    0.000ns

    Location             Delay type                Incr(ns)  Path(ns)    Netlist Resource(s)
  -------------------------------------------------------------------    -------------------
    T17                                               0.000     0.000 f  reset (IN)
                         net (fo=0)                   0.000     0.000    reset
    T17                  IBUF (Prop_ibuf_I_O)         1.451     1.451 f  reset_IBUF_inst/O
                         net (fo=6, routed)           2.884     4.335    reset_IBUF
    SLICE_X64Y16         FDCE                                         f  FSM_sequential_c_state_reg[0]/CLR
  -------------------------------------------------------------------    -------------------

                         (clock sys_clk_pin rise edge)
                                                      0.000     0.000 r  
    W5                                                0.000     0.000 r  clk (IN)
                         net (fo=0)                   0.000     0.000    clk
    W5                   IBUF (Prop_ibuf_I_O)         1.388     1.388 r  clk_IBUF_inst/O
                         net (fo=1, routed)           1.862     3.250    clk_IBUF
    BUFGCTRL_X0Y0        BUFG (Prop_bufg_I_O)         0.091     3.341 r  clk_IBUF_BUFG_inst/O
                         net (fo=6, routed)           1.512     4.853    clk_IBUF_BUFG
    SLICE_X64Y16         FDCE                                         r  FSM_sequential_c_state_reg[0]/C

Slack:                    inf
  Source:                 reset
                            (input port)
  Destination:            FSM_sequential_c_state_reg[1]/CLR
                            (recovery check against rising-edge clock sys_clk_pin  {rise@0.000ns fall@5.000ns period=10.000ns})
  Path Group:             (none)
  Path Type:              Recovery (Max at Slow Process Corner)
  Data Path Delay:        4.335ns  (logic 1.451ns (33.477%)  route 2.884ns (66.523%))
  Logic Levels:           1  (IBUF=1)
  Clock Path Skew:        4.853ns (DCD - SCD + CPR)
    Destination Clock Delay (DCD):    4.853ns
    Source Clock Delay      (SCD):    0.000ns
    Clock Pessimism Removal (CPR):    0.000ns
  Clock Uncertainty:      0.025ns  ((TSJ^2 + TIJ^2)^1/2 + DJ) / 2 + PE
    Total System Jitter     (TSJ):    0.050ns
    Total Input Jitter      (TIJ):    0.000ns
    Discrete Jitter          (DJ):    0.000ns
    Phase Error              (PE):    0.000ns

    Location             Delay type                Incr(ns)  Path(ns)    Netlist Resource(s)
  -------------------------------------------------------------------    -------------------
    T17                                               0.000     0.000 f  reset (IN)
                         net (fo=0)                   0.000     0.000    reset
    T17                  IBUF (Prop_ibuf_I_O)         1.451     1.451 f  reset_IBUF_inst/O
                         net (fo=6, routed)           2.884     4.335    reset_IBUF
    SLICE_X64Y16         FDCE                                         f  FSM_sequential_c_state_reg[1]/CLR
  -------------------------------------------------------------------    -------------------

                         (clock sys_clk_pin rise edge)
                                                      0.000     0.000 r  
    W5                                                0.000     0.000 r  clk (IN)
                         net (fo=0)                   0.000     0.000    clk
    W5                   IBUF (Prop_ibuf_I_O)         1.388     1.388 r  clk_IBUF_inst/O
                         net (fo=1, routed)           1.862     3.250    clk_IBUF
    BUFGCTRL_X0Y0        BUFG (Prop_bufg_I_O)         0.091     3.341 r  clk_IBUF_BUFG_inst/O
                         net (fo=6, routed)           1.512     4.853    clk_IBUF_BUFG
    SLICE_X64Y16         FDCE                                         r  FSM_sequential_c_state_reg[1]/C





Min Delay Paths
--------------------------------------------------------------------------------------
Slack:                    inf
  Source:                 reset
                            (input port)
  Destination:            FSM_sequential_c_state_reg[0]/CLR
                            (removal check against rising-edge clock sys_clk_pin  {rise@0.000ns fall@5.000ns period=10.000ns})
  Path Group:             (none)
  Path Type:              Removal (Min at Fast Process Corner)
  Data Path Delay:        1.557ns  (logic 0.219ns (14.084%)  route 1.338ns (85.916%))
  Logic Levels:           1  (IBUF=1)
  Clock Path Skew:        1.986ns (DCD - SCD - CPR)
    Destination Clock Delay (DCD):    1.986ns
    Source Clock Delay      (SCD):    0.000ns
    Clock Pessimism Removal (CPR):    -0.000ns

    Location             Delay type                Incr(ns)  Path(ns)    Netlist Resource(s)
  -------------------------------------------------------------------    -------------------
    T17                                               0.000     0.000 f  reset (IN)
                         net (fo=0)                   0.000     0.000    reset
    T17                  IBUF (Prop_ibuf_I_O)         0.219     0.219 f  reset_IBUF_inst/O
                         net (fo=6, routed)           1.338     1.557    reset_IBUF
    SLICE_X64Y16         FDCE                                         f  FSM_sequential_c_state_reg[0]/CLR
  -------------------------------------------------------------------    -------------------

                         (clock sys_clk_pin rise edge)
                                                      0.000     0.000 r  
    W5                                                0.000     0.000 r  clk (IN)
                         net (fo=0)                   0.000     0.000    clk
    W5                   IBUF (Prop_ibuf_I_O)         0.414     0.414 r  clk_IBUF_inst/O
                         net (fo=1, routed)           0.685     1.099    clk_IBUF
    BUFGCTRL_X0Y0        BUFG (Prop_bufg_I_O)         0.029     1.128 r  clk_IBUF_BUFG_inst/O
                         net (fo=6, routed)           0.859     1.986    clk_IBUF_BUFG
    SLICE_X64Y16         FDCE                                         r  FSM_sequential_c_state_reg[0]/C

Slack:                    inf
  Source:                 reset
                            (input port)
  Destination:            FSM_sequential_c_state_reg[1]/CLR
                            (removal check against rising-edge clock sys_clk_pin  {rise@0.000ns fall@5.000ns period=10.000ns})
  Path Group:             (none)
  Path Type:              Removal (Min at Fast Process Corner)
  Data Path Delay:        1.557ns  (logic 0.219ns (14.084%)  route 1.338ns (85.916%))
  Logic Levels:           1  (IBUF=1)
  Clock Path Skew:        1.986ns (DCD - SCD - CPR)
    Destination Clock Delay (DCD):    1.986ns
    Source Clock Delay      (SCD):    0.000ns
    Clock Pessimism Removal (CPR):    -0.000ns

    Location             Delay type                Incr(ns)  Path(ns)    Netlist Resource(s)
  -------------------------------------------------------------------    -------------------
    T17                                               0.000     0.000 f  reset (IN)
                         net (fo=0)                   0.000     0.000    reset
    T17                  IBUF (Prop_ibuf_I_O)         0.219     0.219 f  reset_IBUF_inst/O
                         net (fo=6, routed)           1.338     1.557    reset_IBUF
    SLICE_X64Y16         FDCE                                         f  FSM_sequential_c_state_reg[1]/CLR
  -------------------------------------------------------------------    -------------------

                         (clock sys_clk_pin rise edge)
                                                      0.000     0.000 r  
    W5                                                0.000     0.000 r  clk (IN)
                         net (fo=0)                   0.000     0.000    clk
    W5                   IBUF (Prop_ibuf_I_O)         0.414     0.414 r  clk_IBUF_inst/O
                         net (fo=1, routed)           0.685     1.099    clk_IBUF
    BUFGCTRL_X0Y0        BUFG (Prop_bufg_I_O)         0.029     1.128 r  clk_IBUF_BUFG_inst/O
                         net (fo=6, routed)           0.859     1.986    clk_IBUF_BUFG
    SLICE_X64Y16         FDCE                                         r  FSM_sequential_c_state_reg[1]/C

Slack:                    inf
  Source:                 countup
                            (input port)
  Destination:            FSM_sequential_c_state_reg[0]/D
                            (rising edge-triggered cell FDCE clocked by sys_clk_pin  {rise@0.000ns fall@5.000ns period=10.000ns})
  Path Group:             (none)
  Path Type:              Hold (Min at Fast Process Corner)
  Data Path Delay:        1.560ns  (logic 0.267ns (17.112%)  route 1.293ns (82.888%))
  Logic Levels:           2  (IBUF=1 LUT2=1)
  Clock Path Skew:        1.986ns (DCD - SCD - CPR)
    Destination Clock Delay (DCD):    1.986ns
    Source Clock Delay      (SCD):    0.000ns
    Clock Pessimism Removal (CPR):    -0.000ns

    Location             Delay type                Incr(ns)  Path(ns)    Netlist Resource(s)
  -------------------------------------------------------------------    -------------------
    T18                                               0.000     0.000 r  countup (IN)
                         net (fo=0)                   0.000     0.000    countup
    T18                  IBUF (Prop_ibuf_I_O)         0.222     0.222 r  countup_IBUF_inst/O
                         net (fo=2, routed)           1.293     1.515    countup_IBUF
    SLICE_X64Y16         LUT2 (Prop_lut2_I0_O)        0.045     1.560 r  FSM_sequential_c_state[0]_i_1/O
                         net (fo=1, routed)           0.000     1.560    n_state[0]
    SLICE_X64Y16         FDCE                                         r  FSM_sequential_c_state_reg[0]/D
  -------------------------------------------------------------------    -------------------

                         (clock sys_clk_pin rise edge)
                                                      0.000     0.000 r  
    W5                                                0.000     0.000 r  clk (IN)
                         net (fo=0)                   0.000     0.000    clk
    W5                   IBUF (Prop_ibuf_I_O)         0.414     0.414 r  clk_IBUF_inst/O
                         net (fo=1, routed)           0.685     1.099    clk_IBUF
    BUFGCTRL_X0Y0        BUFG (Prop_bufg_I_O)         0.029     1.128 r  clk_IBUF_BUFG_inst/O
                         net (fo=6, routed)           0.859     1.986    clk_IBUF_BUFG
    SLICE_X64Y16         FDCE                                         r  FSM_sequential_c_state_reg[0]/C

Slack:                    inf
  Source:                 countup
                            (input port)
  Destination:            FSM_sequential_c_state_reg[1]/D
                            (rising edge-triggered cell FDCE clocked by sys_clk_pin  {rise@0.000ns fall@5.000ns period=10.000ns})
  Path Group:             (none)
  Path Type:              Hold (Min at Fast Process Corner)
  Data Path Delay:        1.563ns  (logic 0.270ns (17.271%)  route 1.293ns (82.729%))
  Logic Levels:           2  (IBUF=1 LUT3=1)
  Clock Path Skew:        1.986ns (DCD - SCD - CPR)
    Destination Clock Delay (DCD):    1.986ns
    Source Clock Delay      (SCD):    0.000ns
    Clock Pessimism Removal (CPR):    -0.000ns

    Location             Delay type                Incr(ns)  Path(ns)    Netlist Resource(s)
  -------------------------------------------------------------------    -------------------
    T18                                               0.000     0.000 f  countup (IN)
                         net (fo=0)                   0.000     0.000    countup
    T18                  IBUF (Prop_ibuf_I_O)         0.222     0.222 f  countup_IBUF_inst/O
                         net (fo=2, routed)           1.293     1.515    countup_IBUF
    SLICE_X64Y16         LUT3 (Prop_lut3_I2_O)        0.048     1.563 r  FSM_sequential_c_state[1]_i_1/O
                         net (fo=1, routed)           0.000     1.563    n_state[1]
    SLICE_X64Y16         FDCE                                         r  FSM_sequential_c_state_reg[1]/D
  -------------------------------------------------------------------    -------------------

                         (clock sys_clk_pin rise edge)
                                                      0.000     0.000 r  
    W5                                                0.000     0.000 r  clk (IN)
                         net (fo=0)                   0.000     0.000    clk
    W5                   IBUF (Prop_ibuf_I_O)         0.414     0.414 r  clk_IBUF_inst/O
                         net (fo=1, routed)           0.685     1.099    clk_IBUF
    BUFGCTRL_X0Y0        BUFG (Prop_bufg_I_O)         0.029     1.128 r  clk_IBUF_BUFG_inst/O
                         net (fo=6, routed)           0.859     1.986    clk_IBUF_BUFG
    SLICE_X64Y16         FDCE                                         r  FSM_sequential_c_state_reg[1]/C

Slack:                    inf
  Source:                 reset
                            (input port)
  Destination:            count_reg[0]/CLR
                            (removal check against rising-edge clock sys_clk_pin  {rise@0.000ns fall@5.000ns period=10.000ns})
  Path Group:             (none)
  Path Type:              Removal (Min at Fast Process Corner)
  Data Path Delay:        1.844ns  (logic 0.219ns (11.888%)  route 1.625ns (88.112%))
  Logic Levels:           1  (IBUF=1)
  Clock Path Skew:        1.982ns (DCD - SCD - CPR)
    Destination Clock Delay (DCD):    1.982ns = ( 6.982 - 5.000 ) 
    Source Clock Delay      (SCD):    0.000ns
    Clock Pessimism Removal (CPR):    -0.000ns

    Location             Delay type                Incr(ns)  Path(ns)    Netlist Resource(s)
  -------------------------------------------------------------------    -------------------
    T17                                               0.000     0.000 f  reset (IN)
                         net (fo=0)                   0.000     0.000    reset
    T17                  IBUF (Prop_ibuf_I_O)         0.219     0.219 f  reset_IBUF_inst/O
                         net (fo=6, routed)           1.625     1.844    reset_IBUF
    SLICE_X64Y20         FDCE                                         f  count_reg[0]/CLR
  -------------------------------------------------------------------    -------------------

                         (clock sys_clk_pin fall edge)
                                                      5.000     5.000 f  
    W5                                                0.000     5.000 f  clk (IN)
                         net (fo=0)                   0.000     5.000    clk
    W5                   IBUF (Prop_ibuf_I_O)         0.414     5.414 f  clk_IBUF_inst/O
                         net (fo=1, routed)           0.685     6.099    clk_IBUF
    BUFGCTRL_X0Y0        BUFG (Prop_bufg_I_O)         0.029     6.128 f  clk_IBUF_BUFG_inst/O
                         net (fo=6, routed)           0.855     6.982    clk_IBUF_BUFG
    SLICE_X64Y20         FDCE                                         r  count_reg[0]/C  (IS_INVERTED)

Slack:                    inf
  Source:                 reset
                            (input port)
  Destination:            count_reg[1]/CLR
                            (removal check against rising-edge clock sys_clk_pin  {rise@0.000ns fall@5.000ns period=10.000ns})
  Path Group:             (none)
  Path Type:              Removal (Min at Fast Process Corner)
  Data Path Delay:        1.844ns  (logic 0.219ns (11.888%)  route 1.625ns (88.112%))
  Logic Levels:           1  (IBUF=1)
  Clock Path Skew:        1.982ns (DCD - SCD - CPR)
    Destination Clock Delay (DCD):    1.982ns = ( 6.982 - 5.000 ) 
    Source Clock Delay      (SCD):    0.000ns
    Clock Pessimism Removal (CPR):    -0.000ns

    Location             Delay type                Incr(ns)  Path(ns)    Netlist Resource(s)
  -------------------------------------------------------------------    -------------------
    T17                                               0.000     0.000 f  reset (IN)
                         net (fo=0)                   0.000     0.000    reset
    T17                  IBUF (Prop_ibuf_I_O)         0.219     0.219 f  reset_IBUF_inst/O
                         net (fo=6, routed)           1.625     1.844    reset_IBUF
    SLICE_X64Y20         FDCE                                         f  count_reg[1]/CLR
  -------------------------------------------------------------------    -------------------

                         (clock sys_clk_pin fall edge)
                                                      5.000     5.000 f  
    W5                                                0.000     5.000 f  clk (IN)
                         net (fo=0)                   0.000     5.000    clk
    W5                   IBUF (Prop_ibuf_I_O)         0.414     5.414 f  clk_IBUF_inst/O
                         net (fo=1, routed)           0.685     6.099    clk_IBUF
    BUFGCTRL_X0Y0        BUFG (Prop_bufg_I_O)         0.029     6.128 f  clk_IBUF_BUFG_inst/O
                         net (fo=6, routed)           0.855     6.982    clk_IBUF_BUFG
    SLICE_X64Y20         FDCE                                         r  count_reg[1]/C  (IS_INVERTED)

Slack:                    inf
  Source:                 reset
                            (input port)
  Destination:            count_reg[2]/CLR
                            (removal check against rising-edge clock sys_clk_pin  {rise@0.000ns fall@5.000ns period=10.000ns})
  Path Group:             (none)
  Path Type:              Removal (Min at Fast Process Corner)
  Data Path Delay:        1.844ns  (logic 0.219ns (11.888%)  route 1.625ns (88.112%))
  Logic Levels:           1  (IBUF=1)
  Clock Path Skew:        1.982ns (DCD - SCD - CPR)
    Destination Clock Delay (DCD):    1.982ns = ( 6.982 - 5.000 ) 
    Source Clock Delay      (SCD):    0.000ns
    Clock Pessimism Removal (CPR):    -0.000ns

    Location             Delay type                Incr(ns)  Path(ns)    Netlist Resource(s)
  -------------------------------------------------------------------    -------------------
    T17                                               0.000     0.000 f  reset (IN)
                         net (fo=0)                   0.000     0.000    reset
    T17                  IBUF (Prop_ibuf_I_O)         0.219     0.219 f  reset_IBUF_inst/O
                         net (fo=6, routed)           1.625     1.844    reset_IBUF
    SLICE_X64Y20         FDCE                                         f  count_reg[2]/CLR
  -------------------------------------------------------------------    -------------------

                         (clock sys_clk_pin fall edge)
                                                      5.000     5.000 f  
    W5                                                0.000     5.000 f  clk (IN)
                         net (fo=0)                   0.000     5.000    clk
    W5                   IBUF (Prop_ibuf_I_O)         0.414     5.414 f  clk_IBUF_inst/O
                         net (fo=1, routed)           0.685     6.099    clk_IBUF
    BUFGCTRL_X0Y0        BUFG (Prop_bufg_I_O)         0.029     6.128 f  clk_IBUF_BUFG_inst/O
                         net (fo=6, routed)           0.855     6.982    clk_IBUF_BUFG
    SLICE_X64Y20         FDCE                                         r  count_reg[2]/C  (IS_INVERTED)

Slack:                    inf
  Source:                 reset
                            (input port)
  Destination:            count_reg[3]/CLR
                            (removal check against rising-edge clock sys_clk_pin  {rise@0.000ns fall@5.000ns period=10.000ns})
  Path Group:             (none)
  Path Type:              Removal (Min at Fast Process Corner)
  Data Path Delay:        1.844ns  (logic 0.219ns (11.888%)  route 1.625ns (88.112%))
  Logic Levels:           1  (IBUF=1)
  Clock Path Skew:        1.982ns (DCD - SCD - CPR)
    Destination Clock Delay (DCD):    1.982ns = ( 6.982 - 5.000 ) 
    Source Clock Delay      (SCD):    0.000ns
    Clock Pessimism Removal (CPR):    -0.000ns

    Location             Delay type                Incr(ns)  Path(ns)    Netlist Resource(s)
  -------------------------------------------------------------------    -------------------
    T17                                               0.000     0.000 f  reset (IN)
                         net (fo=0)                   0.000     0.000    reset
    T17                  IBUF (Prop_ibuf_I_O)         0.219     0.219 f  reset_IBUF_inst/O
                         net (fo=6, routed)           1.625     1.844    reset_IBUF
    SLICE_X64Y20         FDCE                                         f  count_reg[3]/CLR
  -------------------------------------------------------------------    -------------------

                         (clock sys_clk_pin fall edge)
                                                      5.000     5.000 f  
    W5                                                0.000     5.000 f  clk (IN)
                         net (fo=0)                   0.000     5.000    clk
    W5                   IBUF (Prop_ibuf_I_O)         0.414     5.414 f  clk_IBUF_inst/O
                         net (fo=1, routed)           0.685     6.099    clk_IBUF
    BUFGCTRL_X0Y0        BUFG (Prop_bufg_I_O)         0.029     6.128 f  clk_IBUF_BUFG_inst/O
                         net (fo=6, routed)           0.855     6.982    clk_IBUF_BUFG
    SLICE_X64Y20         FDCE                                         r  count_reg[3]/C  (IS_INVERTED)





